word1,word2,is_hypernym
cause,slaveholder,1
soul,george_bush,1
woody_plant,california_white_oak,1
consumer_goods,batting_helmet,1
believability,legitimacy,1
cavum,lateral_ventricle,1
man_of_affairs,heinz,1
mark,hoof_mark,1
physical_entity,clapboard,1
plant,penstemon_davidsonii,1
entity,cheeseflower,1
biological_group,polioptila,1
state,lawlessness,1
unit,thrinax_morrisii,1
abstract_entity,family_pucciniaceae,1
happening,blighty_wound,1
section,local_department,1
inactiveness,aestivation,1
abstraction,dreg,1
entity,button_accordion,1
state,brain_disorder,1
shape,germ_pore,1
phenomenon,ray_of_light,1
physical_object,blastocyst,1
mortal,charles_townes,1
mortal,theater_critic,1
entity,bell-shaped_curve,1
vine,leather_flower,1
institution,pharma,1
animate_thing,catchweed,1
bedding,patchwork_quilt,1
feeling,gravity,1
creature,manx_shearwater,1
pismire,formica_fusca,1
object,paloverde,1
matter,plumbago,1
object,love_seat,1
cut_of_meat,sirloin,1
whole,snap_line,1
physical_entity,maillol,1
biological_group,thamnophis,1
unit,heinrich_himmler,1
living_thing,he-huckleberry,1
whole,hand_throttle,1
real,one-hundred-thousandth,1
entity,tactical_intelligence,1
decrease,tapering,1
health_problem,carcinomatous_myopathy,1
abstract_entity,decryption,1
taxonomic_group,family_membracidae,1
entity,expectation,1
diapsid,hypsiglena_torquata,1
abstraction,genus_aplectrum,1
symptom,rheumatic_aortitis,1
psychological_feature,comeback,1
abstraction,touch_sensation,1
small_indefinite_quantity,smidgen,1
being,disturber,1
beast,bullbat,1
vascular_plant,tiger_lily,1
organism,oakley,1
causal_agent,inferior,1
unit,pneumatic_tyre,1
somebody,vociferator,1
whole,pneumatic_hammer,1
physical_entity,bursa_omentalis,1
animate_being,kob,1
taxonomic_category,genus_gypaetus,1
whole,juneberry_holly,1
effectuation,royal_road,1
body_process,cunnilingus,1
craniometric_point,metopion,1
physical_object,wolfbane,1
tracheophyte,california_sagebrush,1
unit,charles_grey,1
abstraction,genus_choloepus,1
causal_agency,holbein_the_elder,1
plane,midplane,1
work,test_bed,1
location,intergalactic_space,1
implied_trust,resulting_trust,1
psychological_feature,rub_up,1
district,goldfield,1
plant,bletilla_striata,1
grouping,family_osmundaceae,1
cause,robert_southey,1
vas,arteria_axillaris,1
unit,split_rail,1
portion,bandana,1
territorial_dominion,cooperstown,1
matter,pin_bone,1
creature,aepyceros_melampus,1
craniate,kuvasz,1
existence,entelechy,1
psychological_feature,pneumonitis,1
abstract_entity,genus_asphodeline,1
animal,ridgel,1
someone,nouveau-riche,1
whole,diehard,1
group,genus_elodea,1
object,cinchona_tree,1
abstract_entity,old_nick,1
causal_agent,anagnost,1
whole,cry-baby_tree,1
municipality,richmond,1
bactericide,viomycin,1
constituent,linguistic_context,1
abstract_entity,show,1
grounds,eosinopenia,1
physical_object,citellus_citellus,1
group,subclass_acnidosporidia,1
physical_entity,hesperus,1
suit_of_armor,hauberk,1
somebody,mimer,1
kinsman,great-uncle,1
entity,spinnbarkeit,1
solid,flint_glass,1
role_player,dudley_moore,1
fertiliser,chicken_manure,1
force,squad,1
part,heterograft,1
cause,catherine_of_aragon,1
group,nswc,1
palm_tree,bahia_coquilla,1
symbolization,hammer_and_sickle,1
taxon,caryophylloid_dicot_family,1
part,beta-lipoprotein,1
organism,soapwort_gentian,1
plant,burma_padauk,1
taxon,gadiformes,1
linguistic_unit,direct_antonym,1
cause,octoroon,1
part,over,1
building_block,dippel's_oil,1
genus,callicebus,1
bramble_bush,rubus_flagellaris,1
jest,riot,1
abstraction,neighbourhood,1
amount,shawwal,1
cutting_tool,meat_cleaver,1
animate_being,female,1
abstraction,everydayness,1
muscular_contraction,contracture,1
abstraction,chess_match,1
physical_entity,gnocchi,1
weave,dogstooth_check,1
relation,digestive_fluid,1
physical_object,knee_pad,1
taxonomic_group,rumohra,1
entity,clementine_tree,1
physical_entity,hominy,1
tumour,prostate_cancer,1
entity,farmer-labor_party,1
gymnosperm_genus,genus_calocedrus,1
group,genus_ammobium,1
berth,chaplainship,1
entity,mammal_semnopithecus,1
black_and_white,written_report,1
law_of_nations,maritime_law,1
whole,call_center,1
nonflowering_plant,dryopteris_marginalis,1
brute,pavo_muticus,1
toilet,comfort_station,1
object,white_stork,1
removal,dermabrasion,1
document,us_constitution,1
being,amelanchier_bartramiana,1
tracheophyte,cistus_albidus,1
gathering,group_meeting,1
artefact,drinking_glass,1
administrative_division,first_state,1
individual,pontiff,1
unit_of_measurement,british_shilling,1
physical_entity,mess_hall,1
entity,nitric_bacteria,1
physical_process,irreversible_process,1
relation,finger_paint,1
cutting_tool,reap_hook,1
relation,pertinency,1
tracheophyte,ground_pink,1
soul,laundress,1
ware,spoon,1
piece,funiculus,1
bodily_structure,tubule,1
physical_object,tuberous_begonia,1
being,tuckahoe,1
whole,algarroba,1
occurrent,word_of_god,1
physical_entity,marupa,1
whole,cecil_blount_demille,1
protoctist,malaria_parasite,1
physical_object,beach_ball,1
physical_entity,epoxy,1
geographic_region,stratford-on-avon,1
human_action,centralisation,1
belief,passivism,1
unconditioned_reflex,knee-jerk_reflex,1
chili,chipotle,1
beast,pallas's_sandgrouse,1
striated_muscle,abdominal_external_oblique_muscle,1
help,ministration,1
object,bill_mauldin,1
physical_entity,toothbrush_tree,1
object,sind,1
organization,truck_dealer,1
carnivore,springer_spaniel,1
soul,kluxer,1
solid,gateau,1
whole,sorghum_vulgare_technicum,1
substance,challah,1
abstraction,imperfective_aspect,1
water_plant,dense-leaved_elodea,1
being,bivalve,1
intellect,confucius,1
object,sickroom,1
conflict,ivry_la_bataille,1
abstract_entity,militant_tendency,1
brute,water_vole,1
corps,corps_diplomatique,1
physical_object,catherine_the_great,1
entity,molotov_cocktail,1
animate_thing,dancer,1
dicot_genus,genus_pholistoma,1
subject_matter,criminal_record,1
taxonomic_category,genus_ascaphus,1
human_activity,getting_even,1
aquatic_bird,curlew_sandpiper,1
device,compact_disc,1
fauna,currawong,1
abstraction,genus_crotalus,1
substance,rg,1
medication,painkiller,1
abstract_entity,activism,1
causal_agency,young,1
whole,club_fungus,1
spatiality,crookedness,1
vas,vertebral_artery,1
construction,pilothouse,1
room,rathole,1
diversion,hoops,1
musculus,biceps_humeri,1
liliopsid_genus,caryota,1
process,electrical_capacity,1
psychological_feature,sustentation,1
dicot_genus,foeniculum,1
metastatic_tumor,wilms'_tumor,1
elevation,laurentian_highlands,1
field,immunopathology,1
object,motley_fool,1
magnoliopsid_genus,castilleja,1
vascular_plant,magnolia_macrophylla,1
biological_group,genus_episcia,1
tea,tea_bag,1
good,porkpie_hat,1
phone_line,wats_line,1
rock,sial,1
psychological_feature,underwater_archaeology,1
administrative_district,capital_of_jamaica,1
chemical_action,hydrogenation,1
material,beeswax,1
creative_thinking,houri,1
medical_procedure,organ_transplant,1
inflammation,sinusitis,1
somebody,franco-american,1
mammalian,aotus_trivirgatus,1
medication,antivert,1
abstract_entity,genus_poecilogale,1
pattern,knight_errantry,1
animate_thing,scotsman,1
causal_agent,bravo,1
case,genitive_case,1
entity,nei_monggol,1
emission,field_emission,1
grouping,family_paguridae,1
visual_communication,kowtow,1
causal_agency,bleaching_agent,1
physical_entity,wheat_future,1
individual,winslow,1
psychological_feature,drug_trafficking,1
administrative_district,staten_island,1
entity,psychoactive_drug,1
whole,autocrat,1
causal_agency,bootmaker,1
taxonomic_group,genus_calliandra,1
construct,law_of_conservation_of_matter,1
abstraction,musical_theater,1
honor,medal_of_honor,1
physical_entity,chinese_angelica,1
mental_object,heavenly_jewel,1
parcel_of_land,baseball_field,1
causal_agent,heming,1
creator,krasner,1
compound,brine,1
engagement,double_date,1
physical_object,sea_creature,1
abstraction,immobility,1
surface,nose_cone,1
change,mountaineering,1
causal_agent,ethyl_chloride,1
entity,attributive_genitive_case,1
taxonomic_category,genus_stapelia,1
intellectual,ulrich_zwingli,1
situation,deanery,1
group,orites,1
feeling,earnestness,1
state,hypotonia,1
angiosperm,lasthenia_chrysostoma,1
act,serpent-worship,1
entity,senior_citizen,1
soul,mack_sennett,1
entity,packing_box,1
constituent,cheese_rind,1
tree,ginep,1
being,tunga_penetrans,1
green_goods,chips,1
unit,painted_tongue,1
entity,faun,1
physiological_state,flaccid_bladder,1
place_of_worship,westminster_abbey,1
being,wisteria_venusta,1
taxonomic_category,fissurellidae,1
food_product,nut_butter,1
abstraction,tuscan_order,1
deed,instrument_flying,1
state,ontario,1
abstract,entitlement,1
abstract_entity,manner_name,1
imaginary_creature,gulliver,1
litigator,corespondent,1
territorial_dominion,me,1
plant_structure,renal_cortex,1
entity,order_ciconiiformes,1
physical_entity,fruit_bat,1
teemingness,surplus,1
animate_thing,edward_vernon_rickenbacker,1
kerchief,khimar,1
point,ladder,1
object,blue-eyed_mary,1
biological_group,entomostraca,1
entity,prongbuck,1
abstraction,l-dopa,1
plant,prince's-plume,1
cognitive_process,convergent_thinking,1
brute,tamanoir,1
written_material,paraphrasis,1
animate_being,boselaphus_tragocamelus,1
ethics,small_voice,1
sea_bird,larus_argentatus,1
human_activity,biff,1
taxonomic_group,meleagrididae,1
abstraction,blastogenesis,1
act,quest,1
region,upper_side,1
artifact,tokamak,1
recreation,bacchanal,1
abstract_entity,disenchantment,1
radiation,medium_wave,1
happening,nerve_impulse,1
living_thing,pantheist,1
entity,pinnacle,1
being,nardoo,1
entity,economic_system,1
way,roundabout_way,1
piece,overlip,1
physical_entity,compound_lever,1
organism,rappeller,1
mortal,performing_artist,1
collection,islamic_law,1
eutherian,bushbuck,1
certainty,givenness,1
actor,eleanor_gwyn,1
territory,cumana,1
constituent,message_pad,1
plant,dwarf_astilbe,1
physical_entity,scanner,1
artefact,longyi,1
abstract_entity,mek,1
mortal,official,1
event,xeroradiography,1
being,lame_duck,1
tongue,modern_english,1
group,lutheran_church,1
biological_group,genus_pistia,1
component,white_beer,1
physical_object,chancery,1
organ,titty,1
military_service,coastguard,1
entity,pterocnemia_pennata,1
being,mandarin,1
causal_agent,postilion,1
physical_process,dehiscence,1
whole,phlox_bifida,1
translucent_substance,biotite,1
relation,east_northeast,1
biological_group,entomophthorales,1
habiliment,macintosh,1
imagination,wet_dream,1
living_thing,helen_laura_sumner_woodbury,1
object,manichee,1
abstraction,megawatt,1
group,family_soleidae,1
knowledge,datum,1
flower,gentiana_holopetala,1
mammal_family,dasypodidae,1
philosopher,eclecticist,1
physical_object,thomas_sully,1
entity,motley,1
deed,busman's_holiday,1
operation,tarawa-makin,1
tracheophyte,oak_chestnut,1
taxonomic_category,genus_chiococca,1
hymenopterous_insect,pharaoh_ant,1
invertebrate,hymenopter,1
physical_entity,hackney_coach,1
abstraction,civil_service,1
astrophysicist,edwin_powell_hubble,1
business_organization,dealership,1
tracheophyte,squirrel's-foot_fern,1
organism,runner-up,1
unit,gosling,1
physical_entity,gan_jiang,1
body_part,areteria_cervicalis,1
geographical_area,galicia,1
causal_agent,max_karl_ernst_ludwig_planck,1
spiny-finned_fish,northern_scup,1
physical_object,compact,1
deck,weather_deck,1
physical_entity,gerald_rudolph_ford,1
tongue,indo-hittite,1
physical_object,lady_tulip,1
entity,family_mycoplasmataceae,1
physical_entity,william_makepeace_thackeray,1
musical_scale,gapped_scale,1
plant_life,native_fuchsia,1
psychological_feature,murder_conviction,1
musical_notation,chromatic_scale,1
animal,cooper's_hawk,1
artifact,deathbed,1
washout,rain-wash,1
rosid_dicot_genus,callitriche,1
organism,devil's_tongue,1
water,hard_water,1
substance,alkaloid,1
artefact,cookery_book,1
instrumentality,convector,1
organism,chaparral_sage,1
corticosteroid,cortone_acetate,1
definite_quantity,biquadrate,1
island,pleasant_island,1
unhealthiness,cachexy,1
event,electric_healing,1
entity,maple-leaved_bayur,1
someone,swell,1
animate_thing,japanese_deer,1
entity,overdraft_credit,1
state,snow-blindness,1
brute,bolti,1
payment,fine,1
organism,reporter,1
brute,sand_hopper,1
female,bathsheba,1
beverage,slivovitz,1
hair,scalp_lock,1
animate_thing,nagi,1
structure,maginot_line,1
abstraction,grumble,1
herbaceous_plant,argemone,1
complex_body_part,sigmoid_sinus,1
cognitive_operation,fad,1
animate_thing,painted_nettle,1
human_action,pay_cut,1
dilleniid_dicot_genus,anastatica,1
morbidness,perniciousness,1
object,shag_rug,1
component_part,bitter_salts,1
food_product,johnnycake,1
food,herb,1
relation,india_ink,1
upbringing,breeding,1
someone,agee,1
abstract_entity,counterclaim,1
material,endorphin,1
whole,plautus,1
entity,sheraton,1
creature,nestor_notabilis,1
entity,safety_harness,1
physical_object,hobbyhorse,1
being,roger_sessions,1
causal_agency,feller,1
micro-organism,staph,1
soul,igor_stravinsky,1
canvas,fore-topsail,1
abstract_entity,incremental_cost,1
abstract_entity,null_set,1
range_of_mountains,catskills,1
illness,bovine_spongiform_encephalitis,1
unit,map_maker,1
district,gorkiy,1
grouping,babesiidae,1
dilleniid_dicot_genus,genus_melicytus,1
physical_object,slip_carriage,1
chordate,oscine,1
mortal,joseph_conrad,1
activity,global_climate_change,1
object,abetter,1
organism,statice,1
event,carnot_cycle,1
mortal,experimenter,1
group,order_pleuronectiformes,1
implements_of_war,powder_and_shot,1
holdfast,surgeon's_knot,1
human_action,canonization,1
physical_entity,majority_leader,1
serviceman,william_bligh,1
object,hyemoschus_aquaticus,1
abstraction,naias,1
animate_thing,hoheria_populnea,1
object,rocky_mountain_dogbane,1
country,capital_of_nepal,1
entity,defense_reutilization_and_marketing_service,1
whole,annunciator,1
psychological_feature,political_sympathies,1
functionary,harold_nicolson,1
unit,instrument_panel,1
music,funeral_march,1
animal,cladorhyncus_leucocephalum,1
topic,pons_asinorum,1
whole,steamroller,1
fern_genus,pyrrosia,1
entity,control_tower,1
tracheophyte,cyrilla_racemiflora,1
being,florida_selaginella,1
radiation,fireball,1
noesis,angel,1
whole,empty_tomb,1
attribute,achromatic_color,1
compound,binary_compound,1
animate_thing,twyla_tharp,1
region,centennial_state,1
whole,punch_bag,1
instrumentality,mantrap,1
artifact,soldering_iron,1
entity,moldboard_plow,1
rational_number,millionth,1
woody_plant,afrocarpus_falcata,1
human_activity,encouragement,1
brute,mamo,1
individual,john_mitchell,1
notation,c_major,1
flavourer,healing_herb,1
substance,aphanite,1
physical_entity,brussels_sprout,1
darkness,somberness,1
group,suborder_anthropoidea,1
taxonomic_group,lagopus,1
athletic_wear,running_suit,1
cognitive_process,cross-classification,1
variation,diurnal_variation,1
intensity,badness,1
group,genus_acalypha,1
taxonomic_group,family_ulvaceae,1
physical_entity,sheller,1
deed,contraception,1
abstract_entity,by-election,1
physical_object,extreme_point,1
entity,astrophyton,1
subject_matter,princeton_wordnet,1
substance,cytotoxin,1
creativeness,uncle_remus,1
group,euphractus,1
abstraction,genetic_map,1
group,ovis,1
programme,retirement_account,1
animate_being,tautogolabrus_adspersus,1
worm,eelworm,1
flowering_tree,cherimoya,1
mountain_peak,ararat,1
appearance,linear_perspective,1
entity,shakeout,1
belief,laissez_faire,1
living_thing,asplenium_rhizophyllum,1
physical_entity,american_gentian,1
solfa_syllable,ti,1
philosopher,zeno_of_citium,1
competition,cup_tie,1
signaling,beacon_fire,1
mammal_genus,tachyglossus,1
herb,satureia_montana,1
person,charles_m._schulz,1
leaven,yeast_cake,1
person,cyril_northcote_parkinson,1
abstract_entity,eluding,1
physical_entity,gun_trigger,1
abstraction,game_plan,1
unit,caiman_lizard,1
bony_fish,ribbonfish,1
creation,cutaway_model,1
magnoliopsid_genus,frasera,1
organism,guy_of_burgundy,1
physical_phenomenon,intraocular_pressure,1
individual,northrop,1
individual,new_mexican,1
creature,caretta_caretta,1
social_group,business_sector,1
craniate,mamo,1
physiological_state,cold_sweat,1
entity,professionalisation,1
animate_thing,james_maitland_stewart,1
phanerogam,hymenoxys_acaulis,1
physical_entity,prunus_ilicifolia,1
deed,military_operation,1
abstraction,subjection,1
deed,defection,1
abstract_entity,bigness,1
entity,palaemonidae,1
matter,shit,1
external_body_part,cervix,1
psychological_feature,beep,1
memory_access,disk_access,1
somebody,engineer,1
intellectual,maimonides,1
fruit_tree,caimito,1
human_action,pit_stop,1
class,class_ciliophora,1
taxonomic_group,musophagidae,1
physical_entity,quintuplet,1
physical_entity,transportation_secretary,1
act,instillment,1
mortal,robert_ranke_graves,1
attribute,facial_expression,1
unit,backcloth,1
physical_entity,stunt_flier,1
event,heavy,1
narration,canterbury_tales,1
component,squirrel,1
stream,irrawaddy,1
physical_entity,moonstone,1
transaction,divestiture,1
vertebrate,perca_fluviatilis,1
somebody,walesa,1
creation,pictorial,1
abstraction,kennedya,1
ligneous_plant,tar-wood,1
causal_agent,kalon_tripa,1
zona,zonule,1
causal_agent,louis_xvi,1
entity,land_mine,1
object,hooded_seal,1
artifact,worldly_good,1
being,james_i,1
animate_thing,sarracenia_flava,1
being,descartes,1
social_control,calming,1
abstraction,file_name_extension,1
activity,embolectomy,1
causal_agency,cognitive_scientist,1
perissodactyl_mammal,crowbait,1
whole,pomfret,1
entity,hot_pants,1
assembly,congregation_of_the_inquisition,1
person_of_colour,arawak,1
territorial_division,xinjiang_uighur_autonomous_region,1
taxonomic_category,arabidopsis,1
political_unit,iroquois_league,1
nonflowering_plant,lecanopteris,1
entity,zinzendorf,1
magnoliopsid_family,family_caesalpiniaceae,1
entity,cleanthes,1
beast,asio_otus,1
cephalitis,subacute_sclerosing_panencephalitis,1
entity,common_pepper,1
inflammatory_disease,sore_throat,1
abstract_entity,breaststroke,1
line_of_work,specialty,1
entity,alstonia_scholaris,1
being,edgar_guest,1
rank,thirtieth,1
status,taint,1
biological_group,catha,1
house_cat,tabby_cat,1
cutting_implement,centre_bit,1
vine,wild_climbing_hempweed,1
physical_object,siberian_pea_tree,1
grouping,mucorales,1
geographic_region,wilno,1
wear,norfolk_jacket,1
entity,cryptogam,1
entity,joliet,1
physical_object,herb_doctor,1
physical_entity,mantlepiece,1
act,bar_examination,1
whole,setting,1
event,social_intercourse,1
unit,maja_squinado,1
telephone_wire,telephone_cord,1
unit,acceptor,1
physical_entity,consecutive_operation,1
organization,progressive_party,1
entity,finback_whale,1
living_thing,james_cook,1
physical_object,savannah,1
taxon,melastomaceae,1
organism,platypus,1
tree,western_mountain_ash,1
taxonomic_category,chironomus,1
abstraction,landsmal,1
organism,bottle_tree,1
negotiator,charles,1
form,bauhaus,1
birch_tree,betula_populifolia,1
object,alytes_obstetricans,1
arthropod_family,saturniidae,1
causal_agency,bungler,1
article_of_clothing,breechcloth,1
possession,worldly_goods,1
river,new_river,1
object,podocarpus_totara,1
grouping,youth_culture,1
living_thing,native_american,1
craniate,post_horse,1
geographical_point,rostov_na_donu,1
flora,quercus_texana,1
person_of_color,pushtun,1
exhalation,wind,1
conveyance,rope_tow,1
natural_phenomenon,weather,1
entity,zellig_harris,1
tissue_layer,diaphragm,1
sailor,able-bodied_seaman,1
taxonomic_group,amentiferae,1
entity,rhubarb,1
physical_entity,appendage,1
worship,monolatry,1
feature,enhancer,1
organic_process,read_method,1
physical_entity,diminished_arch,1
entity,clanswoman,1
vapor,sea_spray,1
rich_person,man_of_means,1
object,polls,1
biological_group,genus_zenaidura,1
abstraction,reply,1
object,doorknocker,1
tracheophyte,mahogany_tree,1
biological_group,genus_dermochelys,1
animate_thing,software_engineer,1
artifact,time_capsule,1
clothing,outer_garment,1
soul,tyndall,1
action,metathesis,1
mortal,josef_von_sternberg,1
abstraction,dreaming,1
solid,opal_glass,1
business_enterprise,butchering,1
blood_dyscrasia,hypochromic_anaemia,1
tracheophyte,field_balm,1
being,sultan_of_swat,1
flora,black_moss,1
abstraction,genus_ophiodon,1
machine,sprocket,1
abstraction,ardennes_counteroffensive,1
social_group,department_of_education,1
killing,thuggee,1
consistence,fluffiness,1
individual,pituitary_dwarf,1
fluid,glycerol,1
trauma,lesion,1
plant_part,potato_bean,1
fearfulness,horror,1
abstract_entity,anguidae,1
surgical_process,heart_surgery,1
persona,ingenue,1
taxonomic_category,coracias,1
actuation,tow,1
entity,aspadana,1
physical_entity,internasal_suture,1
act,housekeeping,1
cognition,rama,1
mortal,road_mender,1
cause,otto_fritz_meyerhof,1
business_enterprise,touristry,1
being,eriosoma_lanigerum,1
artefact,staplegun,1
food,rugelach,1
aggregation,perfect_participle,1
plant_life,kaffir_corn,1
causal_agent,brioschi,1
astronomer,claudius_ptolemaeus,1
style,prose,1
trained_worker,cavalryman,1
cognition,rule_of_thumb,1
representational_process,oriflamme,1
unit,french_horn,1
being,japanese_medlar,1
micro-organism,actinomyces,1
cognitive_content,jus_soli,1
thought,bohr_theory,1
part,sisal,1
weather,line_squall,1
shape,element_of_a_cylinder,1
victuals,lobster_stew,1
abstraction,indistinguishability,1
iridaceous_plant,saffron_crocus,1
persona_non_grata,pesterer,1
abstract_entity,genus_endamoeba,1
whole,flatcar,1
diabetes_mellitus,ketoacidosis-prone_diabetes,1
state_of_mind,forgetfulness,1
physical_entity,dwarf_juniper,1
object,existence,1
matter,guinea_gold,1
unit,freesia,1
abstract_entity,family_edaphosauridae,1
living_thing,bulbous_plant,1
object,paparazzo,1
entity,interest_group,1
shape,rilievo,1
organism,pinus_palustris,1
group,genus_arctictis,1
entity,telpher,1
whole,eugene_victor_debs,1
neurological_disease,transcortical_aphasia,1
magnoliopsid_genus,ligularia,1
entity,science_laboratory,1
physical_object,brasov,1
commendation,fulsomeness,1
abstract_entity,mlitt,1
communication,pop_quiz,1
physical_entity,syrian_bean_caper,1
physical_entity,cytosol,1
warfare,korean_war,1
whole,mycobacterium_tuberculosis,1
exchange,forward_market,1
solid_ground,aruba,1
anti-inflammatory,toradol,1
physical_object,buttonhook,1
individual,botticelli,1
unit_of_measurement,lm,1
deed,noblesse_oblige,1
entity,hepatic_lobe,1
stage,extent,1
object,playpen,1
physical_object,reproductive_cell,1
communication,prayer_of_azariah_and_song_of_the_three_children,1
goose,chen_caerulescens,1
flora,tall_buttercup,1
abstraction,ransacking,1
arrangement,visible_spectrum,1
entity,cheilitis,1
fungus,agaricus_campestris,1
relation,logical_implication,1
causal_agency,culprit,1
centre,inner_city,1
entity,ctc,1
tracheophyte,marjoram,1
living_thing,larus_ridibundus,1
covering_material,fibreglass,1
brute,shorttail_weasel,1
artifact,mountain_trail,1
artifact,veil,1
taxon,genus_hudsonia,1
uncloudedness,transparentness,1
instrumentation,turbine,1
instrumentation,gunsight,1
animal_tissue,cutis,1
structure,shipping_office,1
grapheme,initial,1
control,indexation,1
polygon,quadrate,1
beast,arctic_hare,1
causal_agency,pamelor,1
taxon,genus_staphylea,1
ending,explosion,1
physical_entity,vol-au-vent,1
animate_thing,wilhelm_richard_wagner,1
physical_entity,mattock,1
someone,dhegiha,1
entity,advent_sunday,1
abstract_entity,middle_ages,1
entity,jarvik_heart,1
boat,skiff,1
unit,frontstall,1
evidence,spastic_colon,1
taxon,calliophis,1
action,mineral_processing,1
social_event,athletic_contest,1
assembly,quarter_sessions,1
flora,matricaria_inodorum,1
inelasticity,inflexibility,1
mammalian,kogia_simus,1
appellation,nickname,1
abstract_entity,oriya,1
being,boykinia_elata,1
executive_department,doi,1
vascular_plant,liliopsid,1
matter,spanish_rice,1
percoid,pumpkinseed,1
geographical_point,al_ladhiqiyah,1
living_thing,calixtus_iii,1
physical_object,stunt_woman,1
angiosperm,tufted_gentian,1
someone,double-crosser,1
pathological_state,compound_fracture,1
physical_object,refinery,1
content,bogy,1
physical_object,isthmus_of_suez,1
bush,aristotelia_serrata,1
physical_entity,black-footed_ferret,1
attribute,vindictiveness,1
herbaceous_plant,yellow_vetchling,1
being,european_cuckoo,1
psychological_feature,mother_goose,1
entity,macrame,1
condition,varicocele,1
auger,trap-and-drain_auger,1
black_and_white,internet_explorer,1
abstraction,turn_of_phrase,1
causal_agent,charles_percy_snow,1
audio,phonograph_record,1
domestic_dog,lhasa_apso,1
written_communication,paper,1
abstraction,adversative_conjunction,1
entity,labyrinthine_vein,1
human_activity,disqualification,1
animate_thing,shaheed,1
living_thing,humourist,1
structure,car_door,1
substance,dacite,1
entity,gift_wrapping,1
sailor,selcraig,1
health_problem,esophageal_reflux,1
abstract_entity,genus_ardea,1
group,lashkar-e-taiba,1
flora,immortelle,1
skilled_worker,pilate,1
abstraction,pressure_point,1
rise,crime_wave,1
measure,short_hundredweight,1
artifact,jinrikisha,1
abstraction,malacothamnus,1
smoker,bachelor_party,1
human_action,loose_end,1
swift,swiftlet,1
whole,thimbleweed,1
measure,sudanese_pound,1
object,umbrella_tent,1
drug,methadone,1
activity,surgical_procedure,1
durables,icebox,1
abstract_entity,namtaru,1
actor,steve_martin,1
human_action,petition,1
dominion,den_haag,1
happening,stream,1
medicament,clot_buster,1
physical_object,foster,1
physical_entity,placentation,1
physical_entity,duke_of_marlborough,1
body_process,goose_pimple,1
vessel,water_heater,1
group,cryptocercidae,1
relation,extremely_low_frequency,1
entity,michaelmastide,1
entity,heat,1
abstract_entity,helodermatidae,1
portion,stainless_steel,1
dictyopterous_insect,mantid,1
abstract_entity,radiancy,1
deed,demonetisation,1
unit,bamboo_palm,1
connexion,scarf_joint,1
biological_group,family_dugongidae,1
human_action,diatribe,1
mortal,jafar_umar_thalib,1
scientist,bertram_brockhouse,1
auditory_communication,hymn,1
information_measure,information,1
bush,viburnum_recognitum,1
artefact,nasotracheal_tube,1
physical_object,necklace_poplar,1
stem,funicle,1
abstract_entity,tss,1
whole,spathiphyllum,1
line,trend_line,1
bread,cracked-wheat_bread,1
group,hyalophora,1
natural_language,medieval_greek,1
beast,ginglymostoma_cirratum,1
object,coragyps_atratus,1
fern_genus,genus_polybotria,1
organic_process,straightness,1
unit,flowering_spurge,1
function,arccos,1
piece,genitals,1
organization,ad_agency,1
abstract_entity,artificiality,1
someone,lord_high_chancellor,1
curve,bell_shape,1
synthetic_resin,lucite,1
group,pluperfect,1
ruminant,mountain_goat,1
piece_of_music,duo,1
woody_plant,yellow_oak,1
grouping,baphia,1
allotment,addiction,1
genus,genus_thelypteris,1
substance,drixoral,1
physical_entity,new_zealand_cotton,1
airplane_landing,emergency_landing,1
abstract_entity,illogicalness,1
dish,egg_foo_yong,1
object,contemporary,1
entity,louisiana,1
geographical_area,capital_of_papua_new_guinea,1
taxonomic_category,family_arcidae,1
organism,stellaria_holostea,1
state,inherited_wealth,1
entity,swage,1
status,mare's_nest,1
plant_life,chloroxylon_swietenia,1
cognition,canonical_hour,1
paper,cigarette_paper,1
unit,saint_brigid,1
flora,italian_rye,1
abstraction,respiratory_tract_infection,1
ataractic_agent,loxitane,1
taxon,dermatobia,1
biological_group,genus_dieffenbachia,1
portion,tremolite,1
abstraction,ineffectiveness,1
mineral,carnotite,1
cause,sedative-hypnotic_drug,1
physical_entity,molise,1
organism,hygrophorus_turundus,1
individual,tharp,1
written_communication,amos,1
staff_of_life,hallah,1
abstraction,ordinary_shares,1
unit,american_germander,1
cognitive_content,schottische,1
biological_group,genus_ardea,1
taxonomic_category,centropomus,1
information,hearsay_evidence,1
noesis,natural_ability,1
territorial_dominion,kan.,1
military_action,lule_burgas,1
knowledge,geography,1
being,common_basil,1
occurrent,milestone,1
region,sanctuary,1
physical_process,ecological_succession,1
taxonomic_category,medinilla,1
animate_being,hungarian_pointer,1
abstract_entity,sightedness,1
entity,order_isoetales,1
plant,carpetweed,1
abstraction,dressed_ore,1
pathological_state,cross_infection,1
organism,forsythia,1
taxonomic_category,milkwort_family,1
subdivision,book_of_ezekiel,1
animate_being,richardson_vole,1
whole,dogwood,1
plant,ceroxylon_andicola,1
taxonomic_category,family_ericaceae,1
biological_group,carcharodon,1
someone,robert_macgregor,1
impotence,insipidity,1
electronic_device,screen_background,1
physical_object,water_trumpet,1
grouping,panthera,1
organism,agrippina_the_younger,1
functionary,mace,1
organism,charlotte_bronte,1
grouping,descendants,1
constituent,alexandrite,1
mortal,pettifogger,1
organism,go-between,1
entity,arisaema_dracontium,1
taxonomic_category,nostocaceae,1
divine_service,prayer_service,1
cause,amanuensis,1
organism,ramie,1
body_structure,vena_circumflexa_ilium,1
living_thing,mariner,1
abstract_entity,visual_property,1
genus,genus_oxalis,1
soft-finned_fish,mediterranean_anchovy,1
condition,dysthymic_depression,1
abstract_entity,affect,1
mental_state,reverie,1
whole,yellow_foxglove,1
soul,undoer,1
abstract_entity,genus_leucocytozoan,1
person,primitive,1
animate_thing,john_james_rickard_macleod,1
weapon,poniard,1
division,dichotomization,1
subject_field,oncology,1
somebody,chevalier,1
scientist,eigen,1
sirenian,steller's_sea_cow,1
causal_agency,dowser,1
reptile_family,alligatoridae,1
sustenance,appetizer,1
artistic_movement,symbolism,1
auto,jalopy,1
arrangement,bermudan_rig,1
physical_object,orly,1
written_language,health_code,1
physical_entity,charles_goodyear,1
thing,sea_of_azoff,1
asterid_dicot_genus,balsamorhiza,1
spousal_equivalent,albert,1
whole,male_sibling,1
physical_entity,ramsons,1
natural_language,scandinavian_language,1
entity,farm_team,1
abstract_entity,order_proteales,1
abstraction,meritoriousness,1
activity,persistence,1
dish,egg_foo_yong,1
soul,standard-bearer,1
group_action,non-involvement,1
class,class_heterokontae,1
entity,bowling_alley,1
entity,pedioecetes,1
unit,european_larch,1
social_group,summit_meeting,1
taxonomic_group,genus_lepidocybium,1
bony_fish,mulloidichthys_martinicus,1
object,yawner,1
abstraction,order_neuroptera,1
geographic_region,almaty,1
divinity,indra,1
attribute,alkalosis,1
physical_entity,chatterbox,1
food_grain,lye_hominy,1
someone,eleonora_duse,1
creative_thinking,purgatory,1
abstract_entity,wistfulness,1
human_activity,quivering,1
abstraction,cgs_system,1
whole,ribband,1
taxon,brasenia,1
grouping,family_gobiidae,1
whole,field_wormwood,1
artifact,zeppelin,1
artifact,pottle,1
matter,cyclooxygenase,1
caryophylloid_dicot_genus,schlumbergera,1
unit,nitrous_bacterium,1
entity,pearly_razorfish,1
geological_formation,cape_hatteras,1
beast,sea_anemone,1
scheme,meritocracy,1
physical_entity,lapis_lazuli,1
unit,sorex_palustris,1
drug,ipratropium_bromide,1
exudate,eucalyptus_gum,1
part,lh,1
disagreeable_person,exhibitionist,1
measure,period_of_play,1
footer,wheeler,1
animal_order,megaloptera,1
blood_vessel,artery_of_the_labyrinth,1
flora,alyssum,1
territory,lander,1
group,genus_wyethia,1
performing_artist,noel_coward,1
writer,william_schwenk_gilbert,1
instrumentality,steak_knife,1
object,air_space,1
taxon,genus_pyralis,1
genus,ricinus,1
physical_object,queen,1
birth,farrowing,1
organisation,copartnership,1
entity,yuman,1
whole,gyromitra_sphaerospora,1
physical_object,samnite,1
object,babe_ruth,1
free_phagocyte,lymph_cell,1
libertine,debaucher,1
physical_object,superconducting_supercollider,1
creature,lantern_fly,1
fasciculus,tenth_cranial_nerve,1
sepsis,pyemia,1
porta,neb,1
work,vineyard,1
grouping,hyperodontidae,1
cognitive_factor,deep_water,1
animate_thing,rice_weevil,1
measure,government_note,1
sustenance,lemon_curd,1
entity,anterior,1
entity,procardia,1
physical_entity,kukenaam,1
abstraction,cd4,1
kitchen_stove,potbelly_stove,1
physical_process,stratus,1
partisan,addict,1
scientist,tonegawa_susumu,1
abstraction,trove,1
mental_condition,overconfidence,1
entity,fanatism,1
entity,lagophthalmos,1
healing,rally,1
physical_entity,chamaecrista_fasciculata,1
entity,nagasaki,1
unhealthiness,relapsing_fever,1
attribute,ductility,1
human_action,organ_transplant,1
genus,genus_astacus,1
living_thing,appleton,1
nativity,live_birth,1
entity,dental_caries,1
vision,spirit_world,1
causal_agency,darryl_zanuck,1
dicot_genus,lycopus,1
whole,tailless_tenrec,1
grouping,genus_sorex,1
performing_artist,jimi_hendrix,1
object,stone_marten,1
oppositeness,contradictoriness,1
mount,pico_de_orizaba,1
unit,night_rider,1
vein,bonanza,1
substance,scotch_broth,1
abstract_entity,genus_sapindus,1
being,fool's_parsley,1
abstract_entity,cenchrus,1
biological_group,family_iguanodontidae,1
measure,danish_monetary_unit,1
causal_agent,church_father,1
terra_firma,cape_flattery,1
instrumentality,water-cooled_reactor,1
abstract_entity,adrenocorticotropic_hormone,1
law_enforcement_agency,federal_bureau_of_prisons,1
abstraction,lek,1
unit,zumbooruck,1
physical_entity,sweden,1
abstraction,agamidae,1
power,effectivity,1
desire,acquisitiveness,1
unit,red_clintonia,1
content,raillery,1
being,dynamitist,1
taxon,tentaculata,1
entity,clotted_cream,1
constituent,pm,1
mammal,procyon_lotor,1
abstraction,heloderma,1
component,central_processing_unit,1
unit,bone_cell,1
plant_life,canadian_aspen,1
physical_entity,immune_system,1
papers,kite,1
bad_person,sea_robber,1
constant,avogadro_number,1
physical_object,collision_course,1
taxon,family_dennstaedtiaceae,1
poet,brooke,1
treater,charles_stuart,1
physical_object,ant_shrike,1
causal_agency,crook,1
physical_entity,twister,1
beast,anthrenus_scrophulariae,1
radish_plant,daikon,1
vascular_plant,cape_tulip,1
condition,cleft_palate,1
religious_order,karaites,1
communicator,brooke,1
crimp,knife_pleat,1
supernatural_virtue,donatism,1
facility,transportation,1
sport,diving,1
territory,yukon_territory,1
human_action,capriole,1
abstract_entity,free_list,1
alcoholic_drink,sidecar,1
body_structure,wernicke's_area,1
window,sliding_window,1
entity,swedish_rye_bread,1
notch,donner_pass,1
abstraction,dethronement,1
signal,milepost,1
natural_object,existence,1
body_part,vena_pulmonalis,1
abstract_entity,bill_of_entry,1
unit,pillow_lace,1
person,santee_dakota,1
occurrence,outcome,1
surface,firmament,1
physical_entity,dead_room,1
joint,synovial_joint,1
bound,poll,1
psychological_feature,split_ticket,1
supermolecule,manioc,1
condition,inculpableness,1
entity,scarabaeidae,1
whole,crystal_tea,1
object,greek_fret,1
eye,capital_of_singapore,1
color,heather_mixture,1
grouping,genus_pennatula,1
physical_object,horsewhip,1
grandparent,grandmother,1
instrumentation,paperknife,1
entity,koussevitzky,1
condition,mal_rosso,1
bird,killdeer_plover,1
physical_object,davy_crockett,1
interest,terminable_interest,1
physical_entity,urokinase,1
human_action,shortstop,1
living_thing,recidivist,1
being,phyllodoce_breweri,1
privy,restroom,1
molecule,heparin,1
animal,valley_pocket_gopher,1
absence,nonoccurrence,1
breaker,stone_breaker,1
abstraction,diceros,1
job,basketry,1
entity,ir,1
compound,dippel's_oil,1
abstract_entity,superfamily_aphidoidea,1
bureau,nist,1
metrical_foot,dactyl,1
communication,animadversion,1
artefact,self-propelled_vehicle,1
chemical_compound,empirin,1
physical_object,visayan_islands,1
organism,circus_aeruginosus,1
taxonomic_category,sundew_family,1
info,numbering,1
entity,cartridge_holder,1
taxonomic_group,cibotium,1
unit,lutanist,1
unction,mentholated_salve,1
abstraction,farad,1
component_part,liebfraumilch,1
taxonomic_category,genus_solea,1
paper,composition_board,1
entity,malpighia,1
physical_object,himalayas,1
object,drier,1
bony_fish,round_whitefish,1
performer,gypsy_rose_lee,1
portion,foldout,1
entity,field_of_force,1
animate_thing,bunchberry,1
verbaliser,reciter,1
abstraction,book_of_susanna,1
secreter,pineal_body,1
causal_agency,poisoner,1
whole,tom_stoppard,1
object,johnson_grass,1
healthiness,fitness,1
abstract_entity,histaminase,1
abstract_entity,bourgeoisie,1
cognition,theorisation,1
physical_entity,anomalist,1
significant_other,missis,1
thing,iliac_artery,1
component,horsehair,1
life_scientist,elie_metchnikov,1
stuff,acid,1
physical_entity,sorcerer,1
natural_process,extraction,1
entity,meister_eckhart,1
instrumentation,roller_coaster,1
being,orthoepist,1
patriot,chauvinist,1
agaric,lepista_irina,1
physical_entity,cone-nosed_bug,1
part,potassium_chlorate,1
unit,cyprinid,1
state,childhood,1
natural_object,centaurus,1
person,assemblywoman,1
lepidopteran,cynthia_moth,1
abstract_entity,savings,1
unfitness,quadrantanopia,1
entity,total,1
abstract_entity,near_thing,1
misconduct,irregularity,1
unit_of_time,sidereal_day,1
fold,plica_vocalis,1
cancer_drug,antimetabolite,1
content,suicide_pact,1
mortal,sylph,1
amorphous_shape,strike-slip_fault,1
jewelry,collar,1
anuran,bufo_americanus,1
trade_good,undies,1
monetary_value,sumptuosity,1
abstraction,family_mniaceae,1
part,paraffin,1
causal_agent,flagyl,1
creature,megatheriid,1
entity,arabis,1
physical_entity,notochord,1
entity,recycling_plant,1
attribute,sacrilegiousness,1
taxon,genus_shigella,1
lymphoid_tissue,pharyngeal_tonsil,1
entity,hole_card,1
beast,unguiculata,1
part,fructose,1
artefact,acetate,1
faithful,flock,1
dominion,sakkara,1
abstract_entity,genus_juniperus,1
structure,anechoic_chamber,1
solid,pecan_pie,1
ligneous_plant,sarcocephalus_esculentus,1
legal_holiday,victoria_day,1
placental,equus_grevyi,1
living_thing,ceratopteris_pteridioides,1
group,populace,1
living_thing,kitul_tree,1
journeyman,rigger,1
entity,iron-grey,1
grapheme,beta,1
abstraction,genus_platymiscium,1
actuation,header,1
dominion,macedonia,1
abstract_entity,chorioretinitis,1
anthropologist,egyptologist,1
physical_object,skoplje,1
grouping,genus_pipturus,1
definite_quantity,coefficient,1
cellular_division,mitosis,1
object,moonlighter,1
support,comforts,1
being,panther_lily,1
organism,vase_vine,1
seed_plant,aster_novi-belgii,1
message,order_of_the_day,1
psychological_feature,menarche,1
computer_software,shrink-wrapped_software,1
living_thing,paliurus_spina-christi,1
plant_structure,megasporophyll,1
association,southern_baptist_convention,1
portion,palindrome,1
physical_entity,hydrogen_bond,1
physical_entity,mexican_fire_plant,1
sense_experience,stench,1
animate_thing,amelanchier_bartramiana,1
act,precession,1
human_activity,parliament,1
physics,quantum_physics,1
biological_group,superorder_labyrinthodontia,1
vascular_plant,blue_gum,1
component,rochelle_salts,1
vascular_plant,philadelphia_fleabane,1
vascular_plant,campanula_medium,1
abstraction,epistle_to_the_colossians,1
unit,threader,1
bush,prairie_smoke,1
demeanour,curtness,1
part,plastron,1
abstract_entity,genus_rosa,1
entity,guy,1
animate_thing,caffer,1
fundamental_quantity,forenoon,1
relation,undivided_interest,1
abstraction,naticidae,1
fauna,raphicerus_campestris,1
conclusion,triumph,1
transferred_property,business_deduction,1
trained_worker,fodder,1
taxonomic_group,family_simuliidae,1
military_position,line_of_battle,1
soul,calvino,1
physical_entity,plinth,1
transport,hackney_carriage,1
taxonomic_category,genus_aramus,1
tracheophyte,rhubarb,1
component,sterling_silver,1
visual_communication,color_wheel,1
noesis,polemics,1
ground,japanese_islands,1
skirt,kilt,1
malady,glandular_fever,1
passage,haphtorah,1
anatomical_structure,vocal_cord,1
territorial_dominion,capital_of_venezuela,1
cost,simple_interest,1
entity,sleep_disorder,1
choreographer,robbins,1
physical_process,biochemical_mechanism,1
someone,fulani,1
whole,toothed_spurge,1
fauna,bucephela_albeola,1
sustenance,welsh_rarebit,1
taxonomic_group,laricariidae,1
concave_shape,pocket,1
abstraction,concubinage,1
abstract_entity,circuit_court_of_appeals,1
speech_communication,gunboat_diplomacy,1
physical_entity,teleprocessing,1
college_man,college_student,1
steps,pilot_ladder,1
residential_area,tenement_district,1
ornament,colophon,1
text,opening_line,1
grouping,parmelia,1
occurrent,radio_noise,1
abstraction,dishonorableness,1
physician,fallot,1
information,myelitis,1
psychological_feature,phase_iv_clinical_trial,1
physical_entity,pyx_chest,1
poster,flashcard,1
plant_life,blueberry,1
person,boccaccio,1
search_engine,google,1
oil_paint,oil_colour,1
group,sorex,1
bolete,boletellus_russellii,1
taxonomic_group,genus_dendroica,1
entity,lomariopsidaceae,1
chemical_substance,pyruvic_acid,1
object,kosovo,1
whole,spore,1
biological_group,genus_nicotiana,1
placental,pipistrellus_subflavus,1
photographic_material,panchromatic_film,1
growth,carcinoma,1
craniate,purple_grackle,1
causal_agent,burgrave,1
attribute,self-seeking,1
possession,marketing_cost,1
word,plea_bargaining,1
parcel,baseball_field,1
biological_group,edentata,1
phenomenon,trajectory,1
object,economy_class,1
biological_group,subphylum,1
vesture,spacesuit,1
physical_object,owlclaws,1
abstraction,mend,1
cognition,daoism,1
portion,markup_language,1
attack,embolism,1
individual,millay,1
group,zonotrichia,1
entity,homel,1
xerophile,agave_cantala,1
artefact,machine,1
abstraction,contemptibility,1
herb,cultivated_rice,1
symptom,temporal_arteritis,1
entity,incontinence,1
written_communication,spiritual_bouquet,1
part,opposite,1
organism,georgia_pine,1
entity,tacker,1
physical_object,new_south_wales,1
entity,genus_frasera,1
cause,gilbert_stuart,1
entity,kuiper_belt,1
matter,molasses_kiss,1
appendage,glochidium,1
abstract_entity,genus_castanospermum,1
participant,jack_william_nicklaus,1
person,uniate,1
animate_being,polychaete,1
quantity,pb,1
structure,burr,1
soul,jerry_lee_lewis,1
instrumentality,mayflower,1
vascular_plant,strophanthus_kombe,1
object,spraguea_umbellatum,1
animate_thing,hitler,1
step-up,intensification,1
creator,fruit_grower,1
magnoliopsid_genus,genus_lupinus,1
animal,wood_ibis,1
physical_entity,atomic_number_23,1
material,tributyrin,1
solid,knife,1
object,frank_whittle,1
card_game,crapette,1
act,phototherapy,1
entity,home_ec,1
bureau,ds,1
abstract_entity,wall_of_silence,1
gesture,facial_expression,1
whole,simian,1
subject_field,micropaleontology,1
mortal,cataleptic,1
amount,lebanese_pound,1
cognition,mental_quickness,1
project,business_activity,1
natural_language,lusatian,1
animate_thing,rattlesnake,1
object,cytisus_albus,1
unwellness,exanthema_subitum,1
land,ezo,1
congenital_anomaly,green-blindness,1
taxon,genus_carphophis,1
brute,culex_quinquefasciatus,1
measuring_device,altazimuth,1
family,family_muridae,1
cognition,hairy_tongue,1
grouping,procyonidae,1
mortal,hockey_player,1
due_process_of_law,court-martial,1
whole,ammobium,1
physical_object,bin,1
noesis,queasiness,1
farm,sewage_farm,1
bodily_function,unconditioned_reflex,1
tree,souari_nut,1
receptor,chemoreceptor,1
animate_thing,orchidaceous_plant,1
arm,harquebus,1
cause,tribromoethanol,1
spatial_relation,fore-and-aft_rig,1
medical_man,cosmetic_surgeon,1
birth,childbirth,1
portion,chlorous_acid,1
entity,satori,1
being,prairie_grass,1
herbaceous_plant,chimaphila_corymbosa,1
event,periodic_event,1
drum,gran_casa,1
cause,ship's_officer,1
physical_entity,pastry,1
abstraction,genus_aetobatus,1
negotiator,government_agent,1
sign,accolade,1
concept,conjugal_right,1
quantitative_relation,absentee_rate,1
cause,aminopyrine,1
being,ubiquitousness,1
communication,nyamwezi,1
artifact,plectron,1
entity,triticum,1
being,evergreen_plant,1
abstraction,genus_corchorus,1
intelligence,cim,1
yell,screaming,1
physical_entity,diesel-electric,1
someone,convert,1
physical_phenomenon,torsion,1
portion,bend,1
genus,apus,1
unwellness,gibraltar_fever,1
location,iranian_capital,1
creative_thinking,captain_horatio_hornblower,1
entity,hygrophorus_borealis,1
living_thing,ridgling,1
receptacle,cat_box,1
unappetizingness,flavourlessness,1
entity,antipode,1
grouping,malvastrum,1
person,jakob_hermandszoon,1
plant_structure,acuminate_leaf,1
grouping,family_furnariidae,1
substance,euphoriant,1
object,cusp,1
imaginativeness,daedal,1
dweller,johnny_reb,1
form,regular_dodecahedron,1
unit,bitter_dock,1
abstraction,family_megalonychidae,1
soul,thomas_the_doubting_apostle,1
organism,mountain_ash,1
physical_entity,whispering_gallery,1
instrumentality,splint,1
grouping,greek_chorus,1
cycad,macrozamia_communis,1
abode,town_house,1
psychological_feature,murmuration,1
taxonomic_category,cucurbit,1
psychological_feature,establishmentism,1
fungus_family,polyporaceae,1
causal_agent,decipherer,1
mortal,inuit,1
flowering_tree,bearberry,1
abstract_entity,garageman's_lien,1
entity,lung-power,1
articulatio_synovialis,enarthrosis,1
entity,beam_scale,1
drug,carvedilol,1
entity,heart_ventricle,1
abstract_entity,radar_beacon,1
genus,menispermum,1
animal_order,hymenoptera,1
movement,shank,1
eutherian,percheron,1
physical_entity,sun_myung_moon,1
ocean_floor,abyssal_zone,1
person_of_colour,lakota,1
entity,inductor,1
entity,schistosome,1
creative_person,ludwig_van_beethoven,1
physical_entity,beam-ends,1
bodily_structure,ascending_artery,1
psychological_feature,cacoethes,1
fish,rhinoptera_bonasus,1
piece_of_writing,tanach,1
organism,pledgee,1
artefact,cup_hook,1
entity,tetrodotoxin,1
living_accommodations,lodge,1
artefact,laboratory_coat,1
group,lodge,1
taxon,group_pteridospermae,1
programme,supervisory_program,1
fixings,peanut_butter,1
abstraction,diminutive,1
entity,stressor,1
physical_entity,paul_vi,1
brute,musk_kangaroo,1
constituent,mastic,1
flora,southern_beech,1
disease,congenital_disease,1
physical_entity,vice-regent,1
living_thing,caretta_caretta,1
unit,albizzia_lebbeck,1
entity,argyrol,1
immunity,acquired_immunity,1
state,indifference,1
even-toed_ungulate,antilocapra_americana,1
physical_object,ocotillo,1
cognitive_process,hammer_and_sickle,1
being,spartina_pectinmata,1
physical_object,solid_ground,1
living_thing,purple-hooded_orchis,1
poplar_tree,eastern_cottonwood,1
wind,double_bassoon,1
physical_object,director_of_central_intelligence,1
phanerogam,lychins_chalcedonica,1
brute,madriporian_coral,1
abstract_entity,mintmark,1
reptilian,pachycephalosaur,1
mortal,rival,1
dipterous_insect,sandfly,1
portion,terry_towel,1
linear_measure,micromillimeter,1
recording,soundtrack,1
physical_object,dumpy_level,1
enthusiasm,balletomania,1
physical_object,dugong_dugon,1
abstraction,family_drepanididae,1
psychological_feature,negligence,1
being,giant_ryegrass,1
property,ph,1
abstract_entity,ineffectiveness,1
medicine,cordarone,1
object,candlesnuffer,1
knowledge,rent_seeking,1
deed,tic-tac-toe,1
fundamental_measure,cinco_de_mayo,1
unit,freshwater_limpet,1
animate_thing,arizona_ash,1
old_master,brueghel,1
biological_group,genus_antilocapra,1
group,genus_matteuccia,1
noesis,conformism,1
abstraction,zone_fire,1
cognitive_operation,subsumption,1
entity,sloppy_joe,1
bond_certificate,treasury_bond,1
entity,wainscot,1
whole,rushdie,1
animate_thing,squealer,1
abstract_entity,lysichitum,1
mortal,shrew,1
single-valued_function,arcsin,1
organism,marshal_tito,1
watercraft,birch_bark,1
group,order_picariae,1
fornicator,strumpet,1
condition,ankyloglossia,1
heavier-than-air_craft,biplane,1
degree,athleticism,1
whole,plenipotentiary,1
abstract_entity,protraction,1
physical_object,coppola,1
alcoholic_beverage,italian_vermouth,1
whole,xerox,1
genus,genus_mimus,1
entity,former,1
plant_life,crotalaria,1
biliousness,querulousness,1
entity,genus_parasitaxus,1
abstract_entity,blood_transfusion,1
living_thing,marya_sklodowska,1
chemical,filtrate,1
angle,extinction_angle,1
abstraction,smithereens,1
potable,kava,1
animate_thing,mogdad_coffee,1
living_thing,saturniid,1
biscuit,gingerbread_man,1
entity,phleum_pratense,1
biological_group,genus_macaca,1
abstraction,social_stratification,1
flora,dipsacus_sylvestris,1
abstraction,laissez-faire_economy,1
causal_agency,alleviant,1
act,plundering,1
tube,arteria_lienalis,1
child's_game,peekaboo,1
biological_group,genus_scutigerella,1
living_thing,fetter_bush,1
artifact,dog-iron,1
abstract_entity,reproductive_memory,1
vessel,arteria_pudenda,1
biological_group,ulmaceae,1
building_block,chondrin,1
object,solomon_bellow,1
plant,schlumbergera_gaertneri,1
physical_object,seven_wonders_of_the_ancient_world,1
causal_agency,boyfriend,1
reptile_family,lanthanotidae,1
administrative_division,south_korea,1
abnormalcy,mental_abnormality,1
autocrat,czar,1
ligneous_plant,red_cedar,1
shrub,crape_myrtle,1
constituent,paperboard,1
being,herbage,1
whole,auspex,1
taxonomic_category,family_casuarinaceae,1
written_communication,textual_criticism,1
mortal,epicene_person,1
knowledge,air_castle,1
thing,chemical_group,1
whole,drum_sander,1
portion,toilet,1
causal_agent,visionary,1
construction,line_of_defense,1
matter,elixir,1
portion,oleic_acid,1
taxon,pectinidae,1
possession,spendthrift_trust,1
whole,lupinus_texensis,1
unpleasant_woman,yenta,1
phanerogam,painted-leaf_begonia,1
grouping,genus_forsythia,1
abstract_entity,phyllium,1
object,chromosome,1
taxonomic_group,lagostomus,1
water_fern,common_nardoo,1
river,sao_francisco,1
entity,genus_epidendrum,1
being,exotic_dancer,1
matter,porcupines,1
dominion,molise,1
liquid,creme_de_fraise,1
abstraction,adult_respiratory_distress_syndrome,1
colubrid,vine_snake,1
run,phase_ii,1
physical_object,tepal,1
taxonomic_category,rorippa,1
whole,oldster,1
territorial_dominion,brummagem,1
abstract_entity,spectral_color,1
entity,countermeasure,1
human_activity,comprehensive,1
group_action,non-engagement,1
lane,st._lawrence_seaway,1
cinquefoil,potentilla_anserina,1
beast,porphyrio_porphyrio,1
division,cyanophyta,1
crowned_head,st._louis,1
electromagnetic_unit,kilovolt,1
thing,serictery,1
entity,madeira_islands,1
entity,tax_base,1
project,labour_of_love,1
constituent,protropin,1
abstract_entity,biotic_community,1
belongings,megabucks,1
mortal,karl_gunnar_myrdal,1
support,stair,1
physical_entity,mosque,1
tender,esquire,1
soul,mick_jagger,1
artifact,false_teeth,1
nerve,uppishness,1
macromolecule,tetrasaccharide,1
stuff,panetela,1
surface,tail_assembly,1
investigating,embryonic_stem-cell_research,1
dicot_genus,anthemis,1
populated_area,setubal,1
visual_aspect,mud_stain,1
administrative_division,republic_of_djibouti,1
causal_agent,hideki_yukawa,1
psychological_condition,psychosis,1
working_dog,malemute,1
psychological_feature,runtime_error,1
tracheophyte,nephthytis,1
transport,alpine_lift,1
matter,adenosine,1
spiritual_being,ashir,1
biological_group,onagraceae,1
group,family_caeciliadae,1
physical_entity,camail,1
geographic_area,grassland,1
membrane,tunica_conjunctiva_palpebrarum,1
taxon,genus_hyoscyamus,1
roll,croissant,1
component,yellowwood,1
whole,dipole,1
quantity,elapsed_time,1
department,local_department,1
part,yellow_bone_marrow,1
chemical_element,osmium,1
magnitude_relation,p/e_ratio,1
level,excessiveness,1
occurrent,infection,1
responsibleness,dependableness,1
relation,northward,1
constituent,highlight,1
animate_thing,physostegia_virginiana,1
rebellion,great_revolt,1
being,alienist,1
communicator,broadcaster,1
sense_experience,overtone,1
sandwich,open-face_sandwich,1
abstraction,size_constancy,1
belligerent,michael_gerald_tyson,1
matter,yellowcake,1
plant_life,pickerelweed,1
piece,locule,1
propulsion,bullet,1
abstraction,pricing,1
family,st_john's_wort_family,1
grouping,data,1
tree,european_elm,1
organization,new_style_calendar,1
geographical_area,roof_garden,1
entity,system_of_rules,1
unit,zimbalist,1
polygenic_disorder,autoimmune_diabetes,1
organic_process,epistasis,1
wind_instrument,panpipe,1
flora,solanum_aviculare,1
abstraction,judgement_in_personam,1
constituent,adhesive_material,1
taxonomic_group,family_belostomatidae,1
foodstuff,cream_cheese,1
organ,levator,1
oral_contraceptive_pill,ovocon,1
position,site,1
relation,pertinence,1
whole,pullman_porter,1
act,putting_to_death,1
object,flat_file,1
percussion_instrument,piano,1
tracheophyte,feather_geranium,1
physical_entity,neutral_spirits,1
eutherian_mammal,mexican_freetail_bat,1
entity,plumber's_snake,1
abnormality,adactyly,1
jock,pole_vaulter,1
causal_agent,essene,1
artefact,installation,1
populated_area,kansas_city,1
object,laticifer,1
building_block,nicotinamide_adenine_dinucleotide_phosphate,1
matter,ethylene_glycol,1
abstraction,delphinus,1
virtue,protestantism,1
abstraction,mushiness,1
entity,lowness,1
entity,lowan,1
abstraction,sclerotium_disease,1
entity,impramine_hydrochloride,1
cause,christopher_columbus,1
county,east_sussex,1
entity,sunscreen,1
entity,popularity,1
communication,american-indian_language,1
feeling,solacement,1
whole,claims_adjustor,1
causal_agent,epistemologist,1
person,scoffer,1
living_thing,araucaria_columnaris,1
physical_entity,flour_beetle,1
cap,balmoral,1
administrative_division,hull,1
abstraction,resurrection_of_christ,1
physiological_condition,asphyxia,1
abstract_entity,problem-oriented_language,1
entity,successiveness,1
plant_life,elecampane,1
protoctist,arcella,1
aquatic_plant,potamogeton_nodosus,1
marsh_plant,iva,1
middle,centre_stage,1
abstract_entity,hexestrol,1
dominion,capital_of_north_carolina,1
fish_family,rhincodontidae,1
creator,lippi,1
breadstuff,brown_bread,1
sufferer,bedlamite,1
action,foothold,1
organism,genipap_fruit,1
animate_thing,styrax_japonicum,1
artefact,crosscut_saw,1
status,billionth,1
physical_entity,classicist,1
psychological_state,snoopiness,1
worker,mohammed_ali,1
object,water_fern,1
squash_vine,cucurbita_pepo_melopepo,1
physical_process,aging,1
decision_making,judging,1
process,airstream,1
nutrition,scallopine,1
physical_entity,diaphoretic,1
abstract_entity,genus_tarpon,1
publicity,advertizing,1
abstract_entity,former_armed_forces,1
condition,cardiac_tamponade,1
dweller,arkansawyer,1
organism,brittlebush,1
whole,karsavina,1
good,zoot_suit,1
period,feast_day,1
militarisation,levy,1
shielder,law_officer,1
physical_object,flame_tokay,1
portion,propionic_acid,1
verbaliser,interlocutor,1
control,electrical_switch,1
fundamental_quantity,civil_year,1
physical_object,motor_neuron,1
senior_citizen,fogy,1
depression,saltpan,1
cost,wharfage,1
state,kan.,1
consumer_durables,spirit_stove,1
illustrator,pyle,1
being,conenose,1
intellect,baron_wilhelm_von_humboldt,1
fiber_bundle,pyramidal_tract,1
negotiator,gustavus_iv,1
physical_object,sea_anchor,1
artifact,fish_joint,1
physical_entity,eelgrass,1
quantitative_relation,data_rate,1
ill_health,bluetongue,1
causal_agent,teach,1
conception,invariant,1
device,air_thermometer,1
illness,pest,1
antidiabetic_drug,glucophage,1
abstract_entity,cabala,1
communication,plight,1
metropolis,boston,1
passeriform_bird,luscinia_luscinia,1
human_activity,medical,1
populated_area,jinja,1
holy_day,quinquagesima,1
whole,guestroom,1
atom_smasher,collider,1
flora,tansy_mustard,1
soul,warrantee,1
physical_entity,copyholder,1
written_communication,shema,1
artifact,chainlink_fence,1
tissue,arcus_senilis,1
process,motion,1
deuce,snake_eyes,1
whole,partizan,1
abstract_entity,playoff_game,1
time,silurian_period,1
piece,trochlearis,1
psychological_feature,induced_abortion,1
city,naples,1
group,genus_trogium,1
entity,waterman,1
drug,enalapril,1
plant_part,campylotropous_ovule,1
advocate,subscriber,1
taste,tartness,1
change,precipitation,1
location,downtown,1
fare,light_diet,1
physical_object,oak_chestnut,1
artifact,dining-room,1
causal_agency,thomas_robert_malthus,1
professional,resident,1
entity,acris,1
abstraction,chattering,1
abstraction,minor_league,1
populated_area,tientsin,1
composer,satie,1
vascular_plant,sweet_cassava,1
organisation,football_league,1
matter,powdered_milk,1
stuff,tempera,1
abstract_entity,verticalness,1
chromosonal_disorder,christmas_disease,1
plant_life,silver_lace_vine,1
entity,black_cypress_pine,1
abstract_entity,genus_habenaria,1
biological_process,hematopoiesis,1
causal_agency,liegeman,1
object,bowiea_volubilis,1
abstraction,romanism,1
human_action,collision_course,1
organism,knight-errant,1
physical_object,sandbank,1
artefact,stoneware,1
victuals,deviled_egg,1
medicinal_drug,antineoplastic,1
biological_group,anguillidae,1
artefact,brasier,1
plant,horseweed,1
dicot_genus,gossypium,1
consulting_service,attestation_report,1
vehicle,sound_truck,1
taxonomic_category,agropyron,1
animate_being,browntail,1
abstract_entity,steering,1
happening,conjuncture,1
creative_person,bruckner,1
event,dealings,1
taxonomic_group,desmidiaceae,1
object,lucknow,1
abstraction,genus_volvaria,1
human_activity,employee-owned_business,1
physical_object,goody-goody,1
entity,family_monotropaceae,1
unit,konrad_lorenz,1
unit,brontosaurus,1
physical_object,herringbone_pattern,1
organism,sphacelotheca,1
instrumentation,contact_arm,1
radical,sodium_nitrite,1
government_department,special_branch,1
unit,lepiota,1
matter,turkish_coffee,1
artifact,kinetoscope,1
plant_life,garden_balm,1
geographical_region,montego_bay,1
noesis,macguffin,1
device,number_cruncher,1
writing,form_letter,1
abstraction,personal_manner,1
territorial_division,lausanne,1
taxonomic_category,trapa,1
physical_object,kirgizia,1
family,vespidae,1
psychedelic_drug,psilocin,1
piece,finger,1
being,helen_wills,1
biological_group,genus_python,1
plant_life,acrogen,1
taxonomic_category,talpidae,1
taxon,pepper_family,1
physical_entity,lake_edward,1
exchange,photochemical_exchange,1
abstract_entity,atonicity,1
cognition,cicatrix,1
person,william_henry_gates,1
piece_of_material,fore-topsail,1
amount,coefficient_of_friction,1
artefact,brothel,1
abstraction,citizenry,1
human_activity,randomisation,1
granger,apiarist,1
eutherian_mammal,dray_horse,1
container,cupel,1
abstraction,anxiety_hysteria,1
ligneous_plant,tanbark_oak,1
alloy,pinchbeck,1
vertebrate,brown_bullhead,1
location,santiago_de_los_caballeros,1
abstraction,royal_canadian_mounted_police,1
virility_drug,cialis,1
biological_group,class_lamellibranchia,1
taxonomic_group,family_carpinaceae,1
building,gambling_hell,1
abstract_entity,brachyura,1
communication,monition,1
action,demagnetization,1
physical_object,mullus_surmuletus,1
constabulary,royal_canadian_mounted_police,1
movement,shock_wave,1
portion,sodium_benzoate,1
vertebrate,drymarchon_corais,1
unit,goalmouth,1
abstract_entity,myrmeleontidae,1
spiny-finned_fish,hemipteronatus_novacula,1
covering,pargetting,1
group,subclass_anapsida,1
terrier,standard_schnauzer,1
component_part,cedarwood,1
quantity,infinitesimal,1
human_activity,scumble,1
genus,genus_linanthus,1
unit,boethius,1
sentience,night_vision,1
psychological_feature,isolation,1
time,devonian_period,1
relation,marine_glue,1
artifact,packing_nut,1
attribute,inactiveness,1
artifact,wiring_diagram,1
crest,godwin_austen,1
physical_entity,weinberg,1
physical_entity,brown_rice,1
instrumentation,film_projector,1
content,thousand_and_one_nights,1
physical_entity,store_cheese,1
social_scientist,ashley_montagu,1
instrumentality,bar_magnet,1
angiospermous_tree,smooth_winterberry_holly,1
whole,plastic_bag,1
prism,quadrangular_prism,1
elasmobranch,crampfish,1
entity,cryostat,1
matter,cherimoya,1
animate_thing,mother-in-law's_tongue,1
yarn,floss,1
nutriment,lobscouse,1
medicament,aloes,1
whole,basketball_hoop,1
object,isaac_merrit_singer,1
family,family_lithodidae,1
herring,smoked_herring,1
content,pallas_athena,1
abstraction,dalasi,1
physical_object,membrane,1
object,supercilium,1
object,pilaster,1
commercialism,truckage,1
shackle,hobble,1
black_and_white,affidavit,1
grouping,art_nouveau,1
subject_matter,peace_offering,1
point,swbw,1
science,nephrology,1
supposition,groundwork,1
organism,indian_turnip,1
growth,carcinoma_in_situ,1
entity,military_unit,1
craniate,ivorybill,1
psychological_feature,spray_painting,1
biological_group,rhodymeniaceae,1
causal_agent,life_principle,1
craniate,antrozous_pallidus,1
shelter,iglu,1
dominion,selangor,1
physical_object,northeast,1
entity,rudolph_laban,1
written_language,susanna,1
tax,franchise_tax,1
entity,creatine_phosphoric_acid,1
artifact,catapult,1
physical_object,d.p.r.k.,1
entity,electromotive_series,1
attribute,boutonneuse_fever,1
measure,chon,1
craniate,slate-colored_junco,1
location,juda,1
brute,carangid,1
object,prionace_glauca,1
instrumentation,gearset,1
bur_grass,buffel_grass,1
whole,floating_bridge,1
hairstyle,bouffant,1
building_complex,packinghouse,1
mortal,victor_hugo,1
group_action,ipsus,1
communicator,edward_albee,1
message,interpellation,1
physical_process,psychoanalytic_process,1
communication,tibeto-burman,1
dicot_family,linden_family,1
husbandry,dairying,1
grouping,acc,1
written_communication,certified_check,1
abstract_entity,cerumen,1
living_thing,erythrocebus_patas,1
deed,ancestor_worship,1
edible_fruit,mexican_black_cherry,1
object,highlander,1
arms,fugo,1
whole,ethnographer,1
individual,david_hilbert,1
unit,coconut_tree,1
individual,chassid,1
causal_agent,ringmaster,1
integration,horizontal_combination,1
causal_agent,agrippa,1
person,eradicator,1
production,pocket_edition,1
patrician,marquise,1
information,misinformation,1
work,tactual_exploration,1
diapsid_reptile,checkered_adder,1
organism,water_dog,1
mortal,anne_mansfield_sullivan,1
compound,alkyd,1
relation,anionic_compound,1
portion,vegetable_tallow,1
natural_elevation,cay,1
cone,funnel,1
percoidean,cunner,1
unit,b.th.u.,1
unit,queen_regent,1
part,steroid,1
driver,taxidriver,1
biological_group,genus_atherinopsis,1
grouping,genus_mollienesia,1
abstract_entity,leukotomy,1
primary_colour_for_light,primary_subtractive_colour_for_light,1
entity,doddle,1
condition,hemophilia,1
instrumentality,rhinoscope,1
causal_agency,traditionalist,1
psychological_feature,errand,1
physical_entity,catalyst,1
abstract_entity,credit_card,1
entity,quaker,1
linguistic_relation,person_agreement,1
hoofed_mammal,mouflon,1
sickness,skin_cancer,1
attribute,paleocene,1
abstract_entity,quadruplet,1
taxon,genus_dalea,1
whole,barrack,1
condition,haemoglobinopathy,1
attribute,knife-edge,1
somebody,owen_wister,1
object,khaki,1
physical_entity,tobin,1
limpidity,monosemy,1
physical_entity,potassium_cyanide,1
animate_thing,dipteryx_odorata,1
abstract_entity,basso_relievo,1
golden_ager,old-timer,1
artifact,protective_cover,1
piece,leg_bone,1
whole,airscrew,1
plant,coryphantha,1
exercise,walk-through,1
attribute,higher_status,1
mental_object,zen_buddhism,1
grouping,genus_odontophorus,1
reinforcement,bracing,1
physical_entity,teetotaller,1
physiological_condition,deviance,1
imbalance,right-handedness,1
living_thing,dunlin,1
author,yevtushenko,1
abstraction,work_papers,1
artefact,hipped_roof,1
partner,monogamist,1
magnoliopsid_genus,myrtus,1
whole,american_sable,1
coniferous_tree,pinus_contorta_murrayana,1
entity,minimalism,1
unwellness,bull_nose,1
abstract_entity,arbitrament,1
entity,smaller_pectoral_muscle,1
inadequacy,slenderness,1
animate_being,lamellicorn_beetle,1
component_part,oxytone,1
psychological_feature,homeopathy,1
pathological_state,classical_haemophilia,1
abstraction,hemoglobinuria,1
human_activity,exposure_therapy,1
nutrition,tea_break,1
abstraction,eragrostis,1
act,prompting,1
geological_phenomenon,earth_tremor,1
abstraction,mandevilla,1
taxonomic_group,giant_seaperch,1
group,trollius,1
computation,arithmetic_operation,1
being,archaeopteryx,1
reconnaissance,reccy,1
whole,helen_maria_fiske_hunt_jackson,1
physical_process,anabolism,1
unit_of_measurement,gib,1
psychological_state,posttraumatic_amnesia,1
abstract_entity,genus_arachis,1
portion,latinism,1
angiospermous_tree,california_olive,1
position,northwest,1
artefact,crescent_wrench,1
form,foursquare,1
capital,juneau,1
abstract_entity,universal_quantifier,1
abstraction,fungibility,1
abstraction,octopoda,1
event,venous_thrombosis,1
fern_genus,isoetes,1
abstraction,all_fours,1
stuff,atom,1
vertebrate,megapode,1
root,ibrahim,1
pathological_state,stigmata,1
appendage,handhold,1
act,eye_contact,1
component_part,chian_turpentine,1
marmoset,leontocebus_rosalia,1
biological_group,genus_muntiacus,1
upland,highlands,1
group,methyl_group,1
entity,electromotive_force_series,1
scorpaenoid,lumpsucker,1
musician,brigit_nilsson,1
object,landing_net,1
grouping,moss_family,1
artist,vermeer,1
unit,qualifier,1
cognitive_content,intellectual_nourishment,1
artefact,dial_phone,1
cognition,van_bogaert_encephalitis,1
chemical_compound,hydrogen_carbonate,1
taxonomic_group,family_phillidae,1
individual,paranoid,1
soul,spokesman,1
person,absconder,1
taxon,triga,1
physical_object,cheval_glass,1
somebody,odd_fish,1
entertainer,rubinstein,1
rime,internal_rhyme,1
contractor,pterygoid_muscle,1
material,nitrogen_mustard,1
object,folderal,1
actus_reus,theft,1
being,arbutus,1
woody_plant,gymnocladus_dioica,1
abstract_entity,skittles,1
object,hollowware,1
group,family_hydrochoeridae,1
physical_exercise,handstand,1
entity,capercailzie,1
being,vase-fine,1
grownup,buster,1
organism,farm_animal,1
extramarital_sex,criminal_conversation,1
individual,francis_crick,1
genus,genus_thrips,1
cause,fred_skinner,1
brute,cirriped,1
successfulness,health,1
cognitive_process,limen,1
abstract_entity,genus_flacourtia,1
surgical_process,fenestration,1
tissue_paper,rolling_paper,1
unit,servosystem,1
undulation,sympathetic_vibration,1
movie_maker,jacques_tati,1
medicinal_drug,hematinic,1
medication,histamine_blocker,1
liliaceous_plant,common_hyacinth,1
group,family_viverridae,1
portion,parathormone,1
communicator,hogg,1
vascular_plant,swiss_pine,1
brute,brill,1
physical_entity,cowrie,1
individual,sannyasin,1
taxonomic_group,hemiprocnidae,1
whole,platinum_blonde,1
genus,genus_belamcanda,1
process,odour,1
fish,pilchard,1
result,sequel,1
abstract_entity,board_of_directors,1
pedagog,anne_mansfield_sullivan,1
animal_tissue,os_sesamoideum,1
psychological_state,hypochondria,1
message,lexical_meaning,1
magnoliid_dicot_genus,berberis,1
object,hartebeest,1
unit,table,1
stuff,histone,1
entity,stone_bramble,1
physical_entity,st._nicholas,1
instrumentality,piton,1
cedar_tree,yellow_cypress,1
abstract_entity,sayanci,1
entity,triangulum_australe,1
entity,leadwort_family,1
land,quag,1
taxon,thevetia,1
genus,crepis,1
remark,ad-lib,1
object,sea_cradle,1
establishment,extended_care_facility,1
taxonomic_category,pericallis,1
artifact,header,1
physical_entity,mason's_trowel,1
modification,sparkling,1
cowpoke,cowgirl,1
deed,out,1
unit,egg-and-tongue,1
crank,starting_handle,1
percipient,informant,1
player,yogi_berra,1
edifice,eating_place,1
mortal,jeannette_rankin,1
animate_thing,lappet_moth,1
material,porphyrin,1
whole,french_door,1
someone,leeuwenhoek,1
soul,baby_farmer,1
system,non-market_economy,1
organism,evergreen_plant,1
act,slippage,1
constituent,otaheite_arrowroot,1
abstraction,technobabble,1
skilled_worker,cavalryman,1
tactical_maneuver,parking,1
fossil_fuel,anthracite_coal,1
event,swan_dive,1
district,republic_of_trinidad_and_tobago,1
biological_group,myocastor,1
attribute,archean_aeon,1
being,john_llewelly_lewis,1
living_thing,urn_fungus,1
abstract_entity,round_of_drinks,1
swing,putt,1
person,supermex,1
whole,hulk,1
taxonomic_category,ostracodermi,1
entity,malignancy,1
entity,tracheobronchitis,1
plant,symphoricarpos_alba,1
human_activity,bookbinding,1
entity,appearance,1
radiancy,lustre,1
foodstuff,apricot_sauce,1
dinosaur,tyrannosaurus_rex,1
entity,ununtrium,1
artefact,doggie_bag,1
physical_object,rhus_typhina,1
whole,shower_stall,1
abstraction,casuaridae,1
metropolis,yekaterinoslav,1
roast_lamb,rack_of_lamb,1
flora,fair-maids-of-france,1
thought,feature_of_speech,1
entity,thurible,1
entity,aditi,1
region,turkestan,1
grouping,gaultheria,1
person,memsahib,1
entity,langston_hughes,1
physical_entity,white_fungus,1
somebody,solicitor,1
region,greenwich,1
caregiver,diplomate,1
plant_life,hakea_laurina,1
content,hedge,1
suitability,insurability,1
jock,snapper,1
flora,epipremnum_aureum,1
whole,mujik,1
fauna,whale_louse,1
measuring_instrument,viscosimeter,1
artifact,brakes,1
unit,seminarist,1
craniate,crevalle_jack,1
entity,dust_cloud,1
abstraction,naegele's_rule,1
grouping,correlation_matrix,1
physical_entity,british_west_africa,1
taxonomic_group,acanthocephala,1
abstraction,xerotes,1
tracheophyte,bog_bilberry,1
person,septuagenarian,1
causal_agent,varicella_zoster_virus,1
rock,rottenstone,1
stream,headstream,1
part,ethanedioic_acid,1
object,pudding_berry,1
free_energy,direct_current,1
entity,jinghpaw,1
closed-class_word,determiner,1
worker,mail_clerk,1
natural_object,edible_fruit,1
condition,hypobetalipoproteinemia,1
human_activity,praxis,1
physical_object,hakenkreuz,1
substance,soluble_rna,1
animate_being,ivorybill,1
apomixis,parthenocarpy,1
complex_body_part,cardia,1
abstract_entity,genus_pisonia,1
physical_entity,basic,1
individual,skinhead,1
being,argyroxiphium_sandwicense,1
object,rider,1
amount,invisible_balance,1
causal_agent,idolater,1
seacoast,seaside,1
body_part,epiglottis,1
abstract_entity,fertility_rate,1
taxonomic_category,genus_astroloma,1
taxon,amsonia,1
physical_entity,bovril,1
nostrum,elixir_of_life,1
unguis,hoof,1
instrument,convertible_security,1
tricyclic_antidepressant_drug,amitriptyline,1
whole,thomas_kyd,1
entity,pork_butcher,1
entity,lubricating_system,1
entity,quartermaster_general,1
psychological_feature,pulse_rate,1
unit,buxus_sempervirens,1
soul,sir_alfred_hitchcock,1
object,french_window,1
somebody,lawgiver,1
animate_thing,tree_fuchsia,1
administrative_division,the_hague,1
milk_vetch,astragalus_glycyphyllos,1
sum,bank,1
unit,gun_chamber,1
deed,garbage_pickup,1
protoctist,protozoan,1
physical_object,divorce_lawyer,1
deed,formalization,1
physical_entity,hematite,1
psychological_feature,scald,1
organism,james_clerk_maxwell,1
physical_object,poulenc,1
automatic_weapon,assault_gun,1
soul,ambrogio_damiano_achille_ratti,1
justice,taney,1
tracheophyte,polemonium_viscosum,1
enlisted_person,fusilier,1
deed,triple_play,1
discomfort,inconvenience,1
creation,erotica,1
abstraction,covering,1
village,jamestown,1
person,homeopath,1
living_thing,acacia_farnesiana,1
abstract_entity,class_holothuroidea,1
humanistic_discipline,etiology,1
pteridophyte,berry_fern,1
bureau,atf,1
substance,atomic_number_77,1
abstract_entity,crozier,1
group,boletellus,1
enrollee,postgraduate,1
piece,glandulae_sebaceae,1
request,supplication,1
entity,security_measure,1
animate_thing,robinia_pseudoacacia,1
somebody,air_hostess,1
abstraction,blastoff,1
capital,capital_of_mongolia,1
artefact,coal_mine,1
golf_stroke,putt,1
vascular_plant,jewels-of-opar,1
abstraction,computer_code,1
plant,ailanthus,1
domain,principality,1
entity,bel_and_the_dragon,1
magnoliopsid_family,flacourtiaceae,1
human_action,invasion_of_iwo,1
tactile_property,powderiness,1
trained_worker,vulcanizer,1
living_thing,carduelis_carduelis,1
animate_being,ruddy_duck,1
heat_energy,specific_heat,1
organism,nursing_aide,1
social_unit,department_of_chemistry,1
abstraction,antipodal_opposition,1
terrorist_group,red_hand_defenders,1
indefinite_quantity,tubful,1
seat,musnud,1
pedagogue,governess,1
unit,bush_lawyer,1
lender,usurer,1
plant,large-flowering_magnolia,1
unit,oneiromancer,1
whole,lunger,1
worth,gross_domestic_product,1
abstraction,ferrocyanide,1
psychological_feature,mental_lexicon,1
physical_entity,kraut,1
physical_object,flamefish,1
entity,jv,1
object,blephilia_celiata,1
accrual,repositing,1
causal_agency,kabbalist,1
artifact,side_street,1
cognitive_content,gestalt_principle_of_organization,1
waste,vomit,1
computer_memory_unit,yottabit,1
being,job's_comforter,1
educator,instructress,1
entity,digestive,1
work,illegitimate_enterprise,1
creator,kelly,1
animal_tissue,gray_matter,1
component_part,rhinestone,1
physical_entity,mockingbird,1
living_thing,birdseed_grass,1
abstraction,cst,1
creature,ovibos_moschatus,1
organism,lewis_henry_morgan,1
brute,least_sandpiper,1
blue,azure,1
inhalation_general_anesthetic,ethrane,1
creative_person,sir_anthony_vandyke,1
causal_agent,gemfibrozil,1
portion,bursting_explosive,1
someone,prince,1
fabric,marocain,1
object,blowhard,1
family,family_xylariaceae,1
pump,grease_gun,1
entity,peach_bell,1
living_thing,hokan,1
musician,enesco,1
living_thing,goof,1
object,giant_star,1
entity,bubble_shell,1
abstraction,detergency,1
politico,favorite_son,1
parcel_of_land,lassen_volcanic_national_park,1
entity,outside_mirror,1
noesis,contra_danse,1
somebody,john_james_osborne,1
biological_group,genus_chrysothamnus,1
serpent,boa,1
organism,walking_fern,1
entity,luncheon_meat,1
individual,lass,1
vascular_plant,plantago_virginica,1
grouping,albigenses,1
traveler,unknown,1
entity,malaysia_militant_group,1
fauna,eggar,1
communication,wordnet3.1,1
unit,ammunition_chest,1
body_part,hypochondrium,1
tendency,anthropocentrism,1
evidence,casebook,1
entity,price_increase,1
abstract_entity,logical_relation,1
spinal_curvature,hollow-back,1
component_part,red_juniper,1
physical_entity,defense_secretary,1
abstract_entity,undecagon,1
entity,glauconite,1
instrumentation,hearse,1
living_thing,vestryman,1
entity,appendicitis,1
artefact,mess_kit,1
class,monocotyledones,1
entity,hypodermatidae,1
act_of_terrorism,narcoterrorism,1
object,telecasting,1
chordate,pan_troglodytes_verus,1
content,report,1
causal_agent,henry_iii,1
scheme,sex_segregation,1
plant_life,pinus_banksiana,1
reprobate,pederast,1
living_thing,artocarpus_heterophyllus,1
component_part,glyoxaline,1
living_thing,leaf_bug,1
cause,hillary,1
measure,cape_verde_monetary_unit,1
order,daisy_chain,1
entity,bike,1
nourishment,fish_and_chips,1
attribute,cutting_angle,1
quantity,leap_day,1
suffrutex,bird's_foot_clover,1
group,family_formicidae,1
physical_entity,associate_professor,1
gramineous_plant,egyptian_grass,1
psychological_feature,bourn,1
biological_group,genus_holothuria,1
part,symphysion,1
noesis,cervical_disc_syndrome,1
causal_agency,agassiz,1
fight,battle_of_the_spanish_armada,1
living_thing,caligula,1
substance,compote,1
written_communication,dramatic_work,1
stuff,bacteriochlorophyll,1
dirt,potter's_earth,1
whole,eraser,1
entity,totten_trust,1
object,bifocals,1
physical_entity,vigdis_finnbogadottir,1
entity,cytisus,1
animate_thing,saxicolous_plant,1
plant,canadian_fleabane,1
causal_agent,surface-active_agent,1
abstract_entity,girth,1
neb,cere,1
relation,pertinence,1
chemical_element,scrap_iron,1
physical_entity,deltoid,1
entity,group,1
company,bank_holding_company,1
being,dog_violet,1
abstract_entity,acardia,1
instrumentality,foothold,1
group,genus_hermissenda,1
animate_thing,astroloma_humifusum,1
tract,great_plains_of_north_america,1
event,prelim,1
wheeled_vehicle,coaster_wagon,1
logical_thinking,projection,1
round_shape,swirl,1
abstract_entity,family_casuaridae,1
soul,arnold_lucius_gesell,1
vetchling,grass_vetch,1
physical_entity,closed_chain,1
condition,singe,1
physical_process,petrification,1
pain,orchidalgia,1
mastermind,girl_wonder,1
undergarment,gown,1
abstract_entity,phanerozoic,1
helper,labor_coach,1
animate_thing,francois_rene_chateaubriand,1
physical_entity,kandinski,1
ensemble,sailor_suit,1
abstract_entity,genus_bambusa,1
object,locker_room,1
physical_object,short_sleeve,1
expert,security_consultant,1
abstract_entity,gymnospermae,1
unit,sagittiform_leaf,1
entity,ageing,1
abstraction,chalk_dust,1
abstraction,biotic_community,1
force,contras,1
unit,greenhouse_whitefly,1
object,march_king,1
abstract_entity,self-improvement,1
human_action,abdominocentesis,1
bird,limicoline_bird,1
physical_process,electrical_skin_response,1
object,andre_le_notre,1
physical_entity,heat-seeking_missile,1
genus,genus_drymarchon,1
drug,indocin,1
cognitive_content,comparative_psychology,1
grouping,trimurti,1
phenomenon,electric_charge,1
boxer,junior_welterweight,1
biological_group,cnemidophorus,1
blood_cell,packed_cells,1
textual_matter,line_of_poetry,1
object,thamnophis_sauritus,1
causal_agent,vixen,1
whole,bear_cat,1
group,order_musales,1
river,nile_river,1
soul,leo_szilard,1
entity,ebenales,1
object,throwing_board,1
person,bernardo_bertolucci,1
vessel,cutaneous_vein,1
attribute,affection,1
living_thing,struthio_camelus,1
physical_entity,feedback,1
terra_firma,netherlands_antilles,1
material,arsenous_oxide,1
engagement,battle_of_ypres,1
physical_object,selcraig,1
creation,diwan,1
computer_code,freeware,1
taxon,hydrophyllum,1
state,russian_soviet_federated_socialist_republic,1
event,bonanza,1
abstraction,stage_fright,1
letter,u,1
taxonomic_category,glyceria,1
biological_group,family_pipridae,1
physical_object,lespedeza_striata,1
abstraction,color_wheel,1
causal_agent,tympanist,1
machine,spur_wheel,1
column,pilaster,1
substance,aperitif,1
tone,half_note,1
conductor,serge_koussevitzky,1
unhealthiness,genital_herpes,1
being,archosaurian_reptile,1
woody_plant,european_elm,1
being,marshal_saxe,1
piece,globus_pallidus,1
unit,vulcanized_fiber,1
variety_meat,throat_sweetbread,1
physical_object,wolfsbane,1
unit,hip_roof,1
natural_event,bray,1
brewage,weissbier,1
hindrance,save,1
family,chrysomelidae,1
whole,gypsyweed,1
someone,tenderfoot,1
physical_object,beta_crucis,1
piece_of_writing,rewriting,1
understanding,cost-plus_contract,1
king,charles_stuart,1
entity,phylum_pogonophora,1
mass_unit,short_ton,1
communication,shouting,1
craniate,african_clawed_frog,1
foreign_terrorist_organization,mko,1
person,clement_philibert_leo_delibes,1
entity,byron,1
physical_entity,life_force,1
state,herniation,1
taxon,genus_allionia,1
grouping,spraguea,1
infection,eye_infection,1
autoimmune_disease,morphea,1
domain,charleston,1
populated_area,traverse_city,1
process,eating_away,1
saurischian_dinosaur,megalosaurus,1
dimension,fourth_dimension,1
sermoniser,evangelist,1
entity,sick_bag,1
noesis,freedom_from_search_and_seizure,1
forebear,grandpa,1
shape,plane_figure,1
assets,deep_pockets,1
flora,suksdorfia,1
bed,lake_bed,1
agent,scavenger,1
deed,itineration,1
physical_object,osteoclast,1
cause,emanuel_svedberg,1
animal,english_sparrow,1
whole,snooper,1
metal,atomic_number_37,1
instruction,tuition,1
group,genus_calla,1
physical_object,prairie_willow,1
record,nol_pros,1
group,leiopelma,1
instrumentation,viola,1
face_of_the_earth,opportunity,1
entity,dot_com_company,1
relation,cashcard,1
tracheophyte,dourah,1
fabric,chino,1
physical_object,maypole,1
knowledge,real_life,1
entity,locust_bean,1
monetary_value,cut_price,1
physical_entity,hypothalamic_releasing_hormone,1
abstraction,musical_perception,1
bailiwick,choreography,1
organism,andrew_d._white,1
piece_of_land,great_plains,1
being,cive,1
object,lieutenant_governor,1
unit,waterskin,1
line,sinuousness,1
physical_entity,tsung_dao_lee,1
nonsteroidal_anti-inflammatory_drug,meclofenamate_sodium,1
physical_entity,migratory_locust,1
mental_process,national_flag,1
animate_thing,bodybuilder,1
grouping,subclass_dibranchia,1
cause,nalfon,1
unit_of_measurement,lumma,1
entity,chinese_cork_oak,1
biological_group,suborder_microchiroptera,1
individual,cofounder,1
whole,desmodium_tortuosum,1
cognition,palaeoethnography,1
smear,esophageal_smear,1
abstraction,bush_league,1
abstraction,effusiveness,1
taxonomic_category,family_spalacidae,1
mortal,heathen,1
physical_process,polymerization,1
treater,ivan_iv,1
location,morgan_city,1
substance,lime_juice,1
pleasance,masochism,1
unit,pluteus_cervinus,1
cactus,sahuaro,1
physical_entity,leguminous_plant,1
family,family_rhizobiaceae,1
whole,jansen,1
workingman,swagman,1
talker,public_speaker,1
solid,rhombohedron,1
whole,devil's_fig,1
taxonomic_category,order_colymbiformes,1
psychological_feature,gardening,1
entity,rising_prices,1
adult_male,womaniser,1
entity,nostocaceae,1
commercialism,slave_traffic,1
component,lutecium,1
entity,jobber,1
being,thomas_woodrow_wilson,1
physical_object,solar_furnace,1
physical_entity,job-oriented_terminal,1
organism,disraeli,1
abstract_entity,timorousness,1
entity,roller_bit,1
physical_object,ventail,1
object,zoroastrian,1
organism,mushroom,1
whole,serrated_wrack,1
drug,bactericide,1
entity,organization_expense,1
abstraction,kurdistan_labor_pary,1
entity,brainpan,1
act,prostration,1
way,mall,1
jewelry,wedding_band,1
physical_object,dar_al-harb,1
hoofed_mammal,bubalus_mindorensis,1
component,dripstone,1
space,knothole,1
vertebrate,eumeces_skiltonianus,1
entity,lindesnes,1
object,santa_maria_del_tule,1
physical_entity,straightedge,1
philosopher,auguste_comte,1
somebody,arthur_holmes,1
tissue,love_handle,1
organization,western_church,1
organism,jean_bernard_leon_foucault,1
message,character_reference,1
human_activity,escapism,1
structure,scoring_system,1
carelessness,goldbricking,1
mathematical_function,multinomial,1
spermatophyte,moss_campion,1
object,foster-mother,1
entity,cichorium_intybus,1
taxonomic_group,genus_prosopium,1
abstract_entity,kinosternon,1
grouping,genus_grampus,1
unit,replacement,1
artefact,vertical_stabilizer,1
linguistic_communication,turkic_language,1
abstraction,unicameral_script,1
croaker,atlantic_croaker,1
vertebrate,chunga,1
sword_lily,bearded_iris,1
conveyance,airlift,1
fungus_family,family_agaricaceae,1
entity,chambers,1
cause,family,1
abstract_entity,woolgathering,1
good,evening_shirt,1
sports_equipment,butt,1
arthropod,german_cockroach,1
physical_entity,carboy,1
organism,griffon,1
unit,asclepias_purpurascens,1
physical_entity,respondent,1
abstract_entity,honours_list,1
arthropod_genus,genus_cerapteryx,1
organism,alan_turing,1
living_thing,protium_guianense,1
living_thing,tiger_cowrie,1
conjugated_protein,cd8,1
communication,price_tag,1
knowledge,epitome,1
physicist,john_herschel,1
complex_body_part,vena_scrotalis,1
physical_object,anhinga,1
causal_agent,spinal_anaesthetic,1
somebody,spectator,1
medal,bronze_star_medal,1
organism,sea_lily,1
geographic_area,alsace,1
device,photometer,1
living_thing,hyssop_loosestrife,1
psychological_feature,face_saver,1
component,hexacosanoic_acid,1
legal_document,venire_facias,1
mortal,agnes_george_de_mille,1
unit,foster-brother,1
physical_composition,reduced_instruction_set_computing,1
sickness,parrot_fever,1
memory_device,videodisc,1
train_station,flag_stop,1
animate_thing,sperm,1
organism,pal,1
complex_body_part,keel,1
abstraction,wages,1
deed,imminent_abortion,1
creative_person,manuel_de_falla,1
plant_life,passionflower,1
genus,muntingia,1
being,graylag,1
noesis,hypercalcemia,1
causal_agent,cave_dweller,1
mill,lumbermill,1
psychological_feature,radio_observation,1
substance,custard,1
entity,genus_struthiomimus,1
entity,refabrication,1
entity,armamentarium,1
musical_genre,antiphony,1
content,dagda,1
abstract_entity,wrestling_match,1
physical_condition,gastroesophageal_reflux,1
explorer,captain_john_smith,1
belief,forest_god,1
physical_object,false_vampire_bat,1
animate_being,brachiopod,1
taxonomic_group,genus_ommastrephes,1
abstract_entity,simoniz,1
physical_object,butterfield,1
states'_rights,nullification,1
being,szilard,1
someone,bride-to-be,1
object,baby's_breath,1
entity,grommet,1
ability,stagecraft,1
mental_object,vote,1
written_material,introduction,1
kind,genus,1
employee,guest_worker,1
abstraction,lawn_party,1
transport,cruise_ship,1
plant,bay_grass,1
cause,pigman,1
needlecraft,cross-stitch,1
thing,river_kasai,1
color,reddish_brown,1
being,cypripedium_album,1
taxon,kyphosus,1
distribution,accordance,1
content,unidentified_flying_object,1
entity,periophthalmus,1
style,verbosity,1
natural_depression,lowlands,1
state,habituation,1
bike,ordinary_bicycle,1
physical_object,prickly_poppy,1
taxonomic_group,echinoderm_family,1
unit,conchfish,1
rain_shower,sprinkle,1
animate_thing,babassu,1
physical_object,container_vessel,1
entity,lake_mead,1
knowledge,sternutation,1
state,undertow,1
nutriment,gruel,1
taxonomic_category,genus_laburnum,1
soul,joseph_campbell,1
beast,armored_dinosaur,1
bodily_structure,autonomic_plexus,1
fruit_tree,catalina_cherry,1
vespid,common_wasp,1
guiltiness,bloodguilt,1
nourishment,refection,1
unit,mite,1
ligneous_plant,american_olive,1
unit,tubeless,1
unit,lilian_alicia_marks,1
compliment,adulation,1
unit,watering_can,1
mental_object,nescience,1
whole,small-arm,1
entity,genus_acheta,1
causal_agency,abstracter,1
instrumentality,trophy_case,1
entity,saxicolous_plant,1
group,wine_tasting,1
tracheophyte,platanthera_chlorantha,1
entity,chromatid,1
movement,ecumenical_movement,1
craniate,sea_robin,1
food_product,white_onion_sauce,1
entity,psycho,1
antiviral_agent,dideoxyinosine,1
humour,diethylstilbestrol,1
administrative_division,capital_of_kazakhstan,1
group,coprinus,1
matter,diabeta,1
unit,gun_carriage,1
region,tidal_zone,1
assist,urging,1
terpsichore,soft-shoe,1
causal_agent,aram_khachaturian,1
entity,detention_centre,1
physical_object,cotula_coronopifolia,1
living_thing,agrostis_alba,1
time,ert,1
grouping,sarcorhamphus,1
biological_group,cephalaspida,1
ability,superfund_program,1
place,nerve_center,1
entity,bitterweed,1
meagreness,abstemiousness,1
animate_thing,ostrich_fern,1
written_communication,latin_alphabet,1
taxonomic_category,genus_streptosolen,1
substance,chrysotile,1
device,pepper_mill,1
physical_entity,hypogastric_plexus,1
body_part,anterior_pituitary,1
entity,transformer,1
unit_of_measurement,jiao,1
individual,city_boy,1
deed,use,1
object,the_gambia,1
barbiturate,diethylbarbituric_acid,1
entity,trader,1
entity,dialysis_machine,1
unit,area_unit,1
noesis,faery,1
causal_agency,ottmar_mergenthaler,1
symptom,spondylitis,1
hydrophytic_plant,soft_rush,1
tracheophyte,salvia_leucophylla,1
idler,couch_potato,1
status,barrenness,1
municipality,cleveland,1
entity,bog_rhubarb,1
activity,volumetric_analysis,1
physical_property,luminescence,1
sentiment,decision,1
somebody,sharer,1
whole,washboard,1
ineptitude,idleness,1
intelligence_service,sluzhba_vneshney_razvedki,1
body_process,pairing,1
component,homogenate,1
being,downing,1
someone,married_woman,1
somebody,francis_peyton_rous,1
arthropod_family,termitidae,1
physical_entity,coryphaena_equisetis,1
knowledge,vampirism,1
alcoholic_beverage,gimlet,1
object,french_indochina,1
square_measure,em_quad,1
entity,afrikaner,1
indicant,chronological_record,1
abstract_entity,military_police,1
chief_of_state,franz_josef_i,1
stringybark,thin-leaved_stringybark,1
whole,sultana,1
perissodactyl_mammal,equus_quagga,1
coniferous_tree,canadian_red_pine,1
medicament,encainide,1
place_of_business,drugstore,1
amount,relaxation_time,1
entity,posterior_subcapsular_cataract,1
volume_unit,bath,1
fundamental_quantity,bronze_age,1
institution,investment_firm,1
being,parsons,1
craniate,chub_mackerel,1
entity,ambystoma_talpoideum,1
artefact,rotor_head,1
insert,dickey,1
pea_plant,garden_pea_plant,1
vertebrate,rainbow_fish,1
good,ironing,1
monocot_family,alismataceae,1
abstract_entity,pacific_time,1
isolation,insularity,1
body_structure,basal_vein,1
amount,arrival_time,1
gathering,senate,1
placental,bluetick,1
object,slide_action,1
abstraction,kingdom_fungi,1
physical_object,fish_joint,1
whole,perforation,1
unit,double_knit,1
constituent,cow_pie,1
physical_entity,vegetable_marrow,1
urban_area,sana,1
ordered_series,kelvin_scale,1
politico,proudhon,1
rest,breathing_place,1
person,anthropologist,1
communicator,pynchon,1
wild_sheep,moufflon,1
human_action,monopsony,1
physical_entity,phenelzine,1
performing_artist,tap_dancer,1
enactment,decree_nisi,1
abstraction,genus_iliamna,1
being,shapley,1
event,rubber-necking,1
organism,lion's_beard,1
physical_entity,kolam,1
tracheophyte,krigia,1
abstraction,rearguard,1
physiological_state,genetic_disease,1
whole,george_edward_moore,1
ending,cession,1
genus,panax,1
living_thing,jacques_francois_antoine_ibert,1
scientist,henri_becquerel,1
unit,furnace_room,1
quantity,mantissa,1
dicot_genus,asclepias,1
taxonomic_category,ctenocephalus,1
route,glide_slope,1
state,heterozygosity,1
entity,philippine,1
town,walla_walla,1
entity,bantamweight,1
whole,tympanuchus_cupido,1
organism,smooth_winterberry_holly,1
firing,harassing_fire,1
administrative_district,capital_of_nicaragua,1
entity,geum_triflorum,1
structure,tentorial_sinus,1
cost,cost_overrun,1
human_activity,aircraft_landing,1
imagination,castle_in_spain,1
object,hygrophyte,1
official_document,convertible_security,1
mite,spider_mite,1
creature,maja_squinado,1
taxon,genus_haemoproteus,1
object,manila_hemp,1
animal_order,xenarthra,1
abstraction,epinephelus,1
entity,polling_day,1
physical_object,cryoscope,1
abstraction,adrenergic_agonist_eyedrop,1
eating_away,wash,1
office,rectorship,1
entity,lean,1
contagion,variola_minor,1
mortal,ship-breaker,1
object,republic_of_slovenia,1
plant_life,meadow_lily,1
flora,anthurium_andraeanum,1
building_block,nicotinamide_adenine_dinucleotide,1
unit,mallard,1
animate_being,sand_martin,1
sebaceous_follicle,meibomian_gland,1
vein,portal,1
effort,bioassay,1
group_action,calling_together,1
yr,church_year,1
perception,colour_constancy,1
entity,neb.,1
substance,terbinafine,1
examination,necropsy,1
decrease,equipment_casualty,1
instrumentation,dining_table,1
entity,fillagree,1
human_activity,origination,1
animate_thing,corelli,1
abstract_entity,industrialisation,1
artefact,baby_carriage,1
living_thing,reproductive_cell,1
psychological_feature,simmering,1
causal_agent,flirt,1
alcohol,harvey_wallbanger,1
herbaceous_plant,marsh_cress,1
being,genus_calymmatobacterium,1
relation,financial_loss,1
organism,maranta_arundinaceae,1
entity,short_hundredweight,1
abstract_entity,threshold_level,1
soul,edger,1
physical_entity,elongate_leaf,1
physical_entity,pigment,1
married_woman,sarah,1
entity,sauropoda,1
animal,fish_doctor,1
cause,middlebrow,1
being,virginia_thimbleweed,1
entity,subtropics,1
movement,ulster_defence_association,1
telecom,call_waiting,1
component,lubricating_oil,1
dicot_genus,genus_melicoccus,1
rachis,urochord,1
bond,covalent_bond,1
matter,corn_tash,1
species,australian_lungfish,1
object,acrocarpous_moss,1
cognition,nihilism,1
human_activity,wrongdoing,1
bedclothes,bed_cover,1
abstraction,third_estate,1
writer,hebbel,1
animal_order,eubacteriales,1
stem,halm,1
instrumentality,package,1
being,whistle_blower,1
organisation,roman_church,1
grouping,hyoscyamus,1
psychological_feature,breach_of_promise,1
physical_entity,macrodactylus_subspinosus,1
quality,allusiveness,1
obstructer,splash_guard,1
body_of_water,james_bay,1
debt,loan,1
entity,stenopelmatidae,1
state,disconsolateness,1
being,sleepless_person,1
medicinal_drug,spasmolytic,1
building,summerhouse,1
physical_entity,totalizer,1
unit,atomizer,1
physical_object,tuileries_gardens,1
object,morgue,1
attribute,heathenism,1
animate_thing,iris_xiphioides,1
man,scipio,1
gymnospermous_tree,larix_russica,1
two-dimensional_figure,oval,1
activeness,idle,1
living_thing,gustavus_adolphus,1
oscine_bird,blackburn,1
abstraction,channel_capacity,1
living_thing,speedwell,1
whole,radio_transmitter,1
unit,giles_lytton_strachey,1
instrumentality,or_circuit,1
communication,system_command,1
reptile_genus,genus_micruroides,1
columbiform_bird,ringdove,1
abstract_entity,doh,1
act,stocking,1
rosid_dicot_genus,acrocarpus,1
taxon,hylidae,1
taxon,genus_liparis,1
entity,imaret,1
necrobiosis,programmed_cell_death,1
somebody,lutenist,1
object,vincenzo_bellini,1
human_action,greenmail,1
social_group,ochlocracy,1
being,tanguy,1
drive,meddlesomeness,1
living_thing,ivorybill,1
abstract_entity,threonine,1
grouping,canon_law,1
instrumentality,magnetic_recorder,1
physical_object,backplate,1
action,springboard,1
physical_object,fingal's_cave,1
writer,dorothy_leigh_sayers,1
vascular_plant,cuban_mahogany,1
living_thing,crow_corn,1
entity,razor-billed_auk,1
communication,facial_recognition,1
written_document,plane_ticket,1
ecclesiastical_attire,the_purple,1
abstraction,security_intelligence_review_committee,1
construction,sweatbox,1
whole,way_out,1
metal_money,solidus,1
flowering_plant,broad-leaved_twayblade,1
communication,salt,1
administrative_district,molise,1
living_thing,common_horsetail,1
abstract_entity,ostrya,1
fish_family,ophidiidae,1
abstraction,clavus,1
quantity,grace_period,1
flora,american_white_pine,1
entity,clinocephalism,1
biological_group,dromaius,1
group_action,great_war,1
causal_agent,counterirritant,1
notoriety,reputation,1
being,snail_flower,1
unit,joe-pye_weed,1
activity,rhythm_method_of_birth_control,1
artefact,ski_binding,1
physical_object,pictorial,1
taxonomic_group,arvicola,1
vertebrate,leatherjacket,1
part,roman_nose,1
mental_state,closed_book,1
evildoing,mail_fraud,1
portion,swedish_iron,1
message,name,1
chemical_action,bluing,1
reaction,gulp,1
entity,manduca,1
instrumentality,goa_powder,1
object,hard-skinned_puffball,1
animal,tsine,1
official_document,dividend_warrant,1
creature,seabird,1
whole,king_of_the_germans,1
psychological_feature,stipulation,1
human_activity,massed_fire,1
entity,todidae,1
belief,rugged_individualism,1
organism,clove_pink,1
enquiry,public_opinion_poll,1
entity,enjoyableness,1
abstract_entity,zama,1
causal_agent,ernst_werner_von_siemens,1
council,north_atlantic_council,1
unit,telferage,1
geographical_area,orleanais,1
entity,checkerbloom,1
entity,ordainer,1
abstract_entity,bottled_water,1
superordinate,counsellor,1
entity,phone_card,1
constituent,groundnut_oil,1
vascular_plant,germander_speedwell,1
whole,trench_mortar,1
physical_entity,sir_henry_wood,1
instrumentation,aneroid,1
genus,genus_callimorpha,1
beast,buzzard,1
whole,malebranche,1
supernatural_being,ullr,1
whole,beta_orionis,1
content,pathology,1
human_activity,marching,1
abstract_entity,sexlessness,1
abstraction,dozen,1
physical_entity,arenaviridae,1
abstraction,echinococcosis,1
taxonomic_category,aspergillales,1
physical_object,action_plant,1
physical_process,katamorphism,1
physical_entity,ammonium_carbamate,1
leader,peer_of_the_realm,1
sprite,morgan_le_fay,1
municipality,st._mary_of_bethlehem,1
entity,basidiomycetes,1
unit,mountain_starwort,1
causal_agency,cabdriver,1
attribute,realization,1
attribute,inanity,1
instrumentality,patent_log,1
tool,sledge,1
abstraction,phillipsite,1
military_man,lucius_licinius_luculus,1
entity,family_menyanthaceae,1
man,homo_rhodesiensis,1
quality,characteristic,1
unit,rem,1
plant_life,weeping_love_grass,1
diapsid_reptile,saurischian_dinosaur,1
piece,organelle,1
physical_object,ski_slope,1
negotiator,ford,1
object,aethusa_cynapium,1
covering,hose,1
communication,programing_language,1
center,burn_center,1
grouping,commune,1
figure,stemma,1
physiological_condition,alkaptonuria,1
organism,huguenot,1
entity,communications_satellite,1
compactness,photographic_density,1
cause,racer,1
animate_being,purebred,1
scholar,sir_james_augustus_murray,1
living_thing,anthony_trollope,1
patrician,lydia_kamekeha_paki_liliuokalani,1
artifact,dumb_bomb,1
entity,bonheur,1
entity,ballistic_fingerprinting,1
causal_agent,medicament,1
indicator,gong_buoy,1
debauchee,debaucher,1
communication,legal_brief,1
pol,kruger,1
trait,sobriety,1
social_group,home_office,1
plant,aerides,1
abstraction,megestrol_acetate,1
ill_health,paraplegia,1
individual,loyola,1
abstraction,capriccio,1
vascular_plant,lodgepole,1
tract,bivouac,1
physical_entity,connors,1
entity,full_moon_maple,1
entity,earlap,1
entity,gosainthan,1
earth,dodecanese,1
event,self-punishment,1
occurrent,white_horse,1
entity,genus_sphaerocarpos,1
physical_entity,pinon_pine,1
noesis,law,1
physical_entity,reef_knot,1
sediment,settlings,1
entity,genus_blechnum,1
bravery,valor,1
animal,maggot,1
physical_entity,odds-maker,1
condition,sociopathic_personality,1
abstraction,articulateness,1
vertebrate,babirusa,1
object,stemless_carline_thistle,1
grammatical_category,dative_case,1
catalogue,parts_catalogue,1
plant_life,avens,1
ramp,ski_jump,1
entity,graverobber,1
human_activity,high_treason,1
entity,cosec,1
unit,thyme-leaved_sandwort,1
plane_figure,ellipsoid,1
entity,cheap_money,1
family,anhimidae,1
change,follow-through,1
human_activity,waste_of_money,1
physical_entity,chlamydia,1
grouping,subclass_ophiurida,1
animate_thing,laurelwood,1
spice,piquance,1
entity,simhath_torah,1
attribute,soapiness,1
psychological_feature,porterage,1
artefact,electric_circuit,1
taxonomic_category,family_cercidiphyllaceae,1
physical_entity,galway_bay,1
mortal,george_westinghouse,1
sewing,hemstitch,1
individual,director_of_central_intelligence,1
hatred,misology,1
plant_life,needle-wood,1
communication,techno,1
perfective_tense,future_perfect,1
group,chateura,1
physical_entity,neopolitan,1
taxonomic_group,athyrium,1
ammo,artillery_shell,1
changeability,alterability,1
abstraction,war_party,1
animate_being,comstock_mealybug,1
written_communication,ii_timothy,1
line,serif,1
method,natural_theology,1
print,heliogravure,1
herb,tragopogon_porrifolius,1
causal_agent,smoker,1
natural_phenomenon,photoconductivity,1
idea,nature,1
written_document,agency_security,1
constant,universal_gravitational_constant,1
evidence,raynaud's_sign,1
flowering_plant,sea_poppy,1
mammal,ondatra_zibethica,1
whole,coal_shovel,1
structure,doorframe,1
entity,claustrophobia,1
appearance,desirability,1
concourse,legion,1
entity,haggard,1
entity,man-made_lake,1
structure,vena_colica,1
mammal,jaguarundi,1
mortal,londoner,1
whole,waxwing,1
abstract_entity,acquisition_agreement,1
organic_process,autoregulation,1
grouping,vesicaria,1
accumulation,progressive_tense,1
crystal,gemstone,1
radio_link,walkie-talkie,1
abstract_entity,cladogram,1
information,hairy_tongue,1
movement,tidal_flow,1
organism,deodar_cedar,1
animate_thing,japanese_lawn_grass,1
substance,cyanamide,1
abstraction,dog_racing,1
event,run-in,1
causal_agency,elvis_aron_presley,1
gramineous_plant,bur_grass,1
object,calvatia_gigantea,1
know-how,immunofluorescence,1
family,clethraceae,1
battle,aegadean_isles,1
brute,psittacosaurus,1
cognitive_operation,underrating,1
ligneous_plant,ghost_weed,1
job,tutelage,1
abstract_entity,ignobleness,1
act,speechmaking,1
creativity,rodya_raskolnikov,1
object,homogyne_alpina,1
abstract_entity,robin_goodfellow,1
angiosperm,blue_mountain_tea,1
unit,metric_weight_unit,1
unit,character_printer,1
somesthesis,kinaesthesia,1
school_of_thought,intuitionism,1
entity,sprechstimme,1
plant,eelgrass,1
causal_agent,richard_feynman,1
being,clustered_poppy_mallow,1
soul,degrader,1
abstraction,conventionalisation,1
king,amenhotep_iv,1
genus,genus_neophron,1
beast,mellivora_capensis,1
knowledge,imaginary_being,1
whole,epaulet,1
component_part,garnet,1
organism,white-topped_aster,1
object,gymnast,1
causal_agency,nonmember,1
nutriment,porridge,1
someone,broker-dealer,1
unit,home_plate,1
vehicle,racing_boat,1
causal_agency,blaster,1
bodily_structure,mesenteric_artery,1
artist,vandyke,1
tract,village_green,1
rocket_engineer,von_braun,1
part,nervus_ischiadicus,1
cognition,perusing,1
flora,eucalyptus_regnans,1
entity,american_cress,1
method,experimental_method,1
unit,sir_charles_wheatstone,1
group,littorinidae,1
cause,color-blind_person,1
abstract_entity,family_betulaceae,1
horse-cart,dray,1
abstraction,high_church,1
instrumentality,salad_bar,1
unit,boletus_pulverulentus,1
shaving,splint,1
woman,b-girl,1
organism,skirt,1
being,eschalot,1
magnoliopsid_genus,caesalpinia,1
homicide,battue,1
pisser,wetter,1
unit,foundling_hospital,1
physical_object,hyemoschus_aquaticus,1
abstraction,judicial_admission,1
entity,affectation,1
whole,ball_nettle,1
natural_philosophy,astronautics,1
abstract_entity,nitella,1
physical_entity,life_saver,1
plant,sand_myrtle,1
member,micropenis,1
entity,w._h._hudson,1
physical_object,owens,1
program,applet,1
physical_object,rana_sylvatica,1
propriety,impeccability,1
condition,guiltiness,1
entity,invigorator,1
dominion,vicente_lopez,1
thing,perithelium,1
muskrat,hudson_seal,1
territorial_division,republic_of_slovenia,1
arthropod_family,glossinidae,1
cognitive_content,space_medicine,1
somebody,dallier,1
toxicant,toxin,1
whole,radio_antenna,1
entity,genus_nothosaurus,1
entity,w._h._auden,1
biological_process,karyokinesis,1
chordate,smallmouth,1
whole,stencil,1
beast,mastigoproctus_giganteus,1
cause,sacajawea,1
physical_entity,lake_kivu,1
noesis,sagacity,1
abstraction,foetor,1
quality,disfiguration,1
encephalitis,herpes_simplex_encephalitis,1
whole,larix_russica,1
being,oriental_plane,1
causal_agency,ampicillin,1
geographical_region,pittsfield,1
attribute,hugger-mugger,1
relation,charge_card,1
abstract_entity,genus_persea,1
desire,lecherousness,1
physical_entity,body_part,1
setup,photostat_machine,1
organic_process,light_reflex,1
motion,perpetual_motion,1
sacred_text,laws,1
entity,uto-aztecan_language,1
increase,stockpiling,1
flavorer,bourguignon,1
herb,means_grass,1
physical_entity,epitrochoidal_engine,1
fibre_bundle,nervus_trigeminus,1
external_body_part,human_head,1
baked_goods,seed_cake,1
portion,fool's_gold,1
article,silverware,1
tracheophyte,guadalupe_cypress,1
weather,antitrades,1
marketing,distribution_channel,1
abstraction,sneeze,1
parrot,pink_cockatoo,1
living_thing,martagon,1
computer_software,executive_routine,1
talker,talking_head,1
abstraction,disappearing,1
being,gary_kasparov,1
whole,eleocharis_acicularis,1
possession,franchise_tax,1
bog_plant,cyperus_longus,1
taxonomic_group,charadriidae,1
ingenuity,resourcefulness,1
measure,peak_season,1
physical_object,capone,1
attribute,adorability,1
organization,logical_topology,1
geographical_area,liverpool,1
language,caddoan_language,1
entity,island,1
indicator,pilot_light,1
physical_object,unpleasant_woman,1
implement,lug_wrench,1
intellectual,g._e._moore,1
covering,acrylic_paint,1
vascular_plant,coast_banksia,1
stuff,plant_hormone,1
manipulator,tailgater,1
suggestion,glimmering,1
entity,bowls,1
spread,centerfold,1
fauna,gila_monster,1
artefact,beam_scale,1
artist,composer,1
someone,belligerent,1
vascular_plant,false_chamomile,1
unit,caravansary,1
act,question_sheet,1
passeriform_bird,muscivora-forficata,1
unwellness,parrot_fever,1
seed_plant,horn_poppy,1
family,family_squillidae,1
taxonomic_group,genus_hexamita,1
physical_object,musette,1
individual,cosimo_de_medici,1
matter,tea_bag,1
centime,new_penny,1
data_point,statistic,1
increase,crop-dusting,1
curved_shape,transporter,1
bovid,pasang,1
double_star,beta_orionis,1
whole,sketch_block,1
biological_group,family_naiadaceae,1
unit,bordello,1
animate_thing,pooecetes_gramineus,1
herb,hordeum_pusillum,1
mammal,mustela_putorius,1
fluid,writing_ink,1
communication,probate,1
nourishment,belgian_beef_stew,1
knowledge,cryptology,1
entity,sanctification,1
state,crack-up,1
study,biostatistics,1
being,hilbert,1
mortal,donald_barthelme,1
group,american_federation_of_labor,1
unit,resistance_thermometer,1
cognition,localization,1
abstraction,molybdenite,1
object,mailbag,1
physical_entity,congress_shoe,1
abstract_entity,winning_post,1
human_action,bank_shot,1
causal_agency,anne,1
being,thomas_young,1
brain_disease,acoustic_aphasia,1
administrative_district,commonwealth_of_australia,1
entity,nordic,1
brute,potter_bee,1
structure,pneumatic_caisson,1
physical_entity,peptide_bond,1
biological_group,carnivora,1
grouping,family_tree,1
legal_document,articles_of_agreement,1
engine,retrorocket,1
dry_land,indochinese_peninsula,1
naval_weaponry,naval_gun,1
organism,sumerian,1
mountain_range,alaska_range,1
part,neuropil,1
animate_thing,crocodile,1
serpent,tow-headed_snake,1
abstract_entity,flavorlessness,1
entity,outer_space,1
abstraction,trial_balance,1
communication,bowdlerisation,1
grouping,lophosoriaceae,1
interval,breathing_spell,1
being,daboecia_cantabrica,1
articulatio,cotyloid_joint,1
abstraction,rock_crystal,1
entity,blastomycosis,1
part,acicula,1
object,disarmer,1
act,group_participation,1
abstract_entity,salary,1
activity,direct_fire,1
taxon,citrullus,1
wetting,sprinkling,1
flora,rattlesnake_master,1
group,genus_pseudobombax,1
continuance,sound_reproduction,1
body_of_water,kura,1
abstract_entity,ancien_regime,1
piece_of_music,incidental_music,1
organism,knox,1
organism,ornithogalum_umbellatum,1
body_part,nasolacrimal_duct,1
entity,open_order,1
genus,genus_crotalaria,1
artefact,shin_guard,1
biological_group,genus_hazardia,1
component,manner_name,1
abstraction,voluminousness,1
object,birdnest,1
district,brasil,1
percipient,starer,1
nutrient,peppermint_candy,1
carpal_bone,os_pisiforme,1
annelid_worm,polychaete_worm,1
substance,self-reproof,1
micro-organism,tobacco_mosaic_virus,1
oscine_bird,gracula_religiosa,1
habitation,boarding_house,1
living_thing,jacobus_arminius,1
physical_condition,metaplastic_anaemia,1
abstract_entity,shanghai_dialect,1
unit,bailee,1
physical_entity,lanchou,1
organism,dung_beetle,1
unit,road_roller,1
temperament,standoffishness,1
offence,false_pretence,1
animate_thing,adventuress,1
entertainer,tharp,1
constituent,goethite,1
herbaceous_plant,poor_man's_weatherglass,1
tracheophyte,coffee,1
abstraction,thecodontia,1
inelegance,commonness,1
someone,borderer,1
entity,colocasia,1
genus,genus_archilochus,1
entity,loam,1
fruit_tree,longanberry,1
living_thing,salp,1
politico,acheson,1
whole,plenum,1
group,strelitziaceae,1
whole,kentucky_black_bass,1
individual,feudatory,1
entity,middle_greek,1
entity,strikebreaker,1
plant,lithospermum_officinale,1
abstract_entity,gymnelis,1
scientific_instrument,t-scope,1
physical_entity,volgograd,1
creating_by_mental_acts,overtaking,1
deed,horse_racing,1
metallic_element,thallium,1
person,scrag,1
act,cadetship,1
entity,genus_macowanites,1
natural_event,big_bang,1
unit,daybook,1
passageway,arcade,1
organic_process,hybridisation,1
process,xenogenesis,1
physical_object,doorstep,1
physical_entity,boulez,1
flora,santalum_album,1
taxonomic_category,steatornithidae,1
placental_mammal,serow,1
relation,neurohormone,1
tongue,tatahumara,1
spring,old_faithful,1
object,marya_sklodowska,1
entity,kaph,1
missy,gibson_girl,1
agent,ipecac,1
convex_shape,rhaphe,1
entity,edward_sapir,1
unit,mute,1
artifact,cantilever,1
abstraction,west_by_north,1
entity,sabbat,1
abstraction,new_moon,1
object,cincture,1
entertainer,duke_ellington,1
cytologic_smear,sputum_smear,1
entity,strix_varia,1
toil,jogging,1
abstraction,munchausen_syndrome,1
mineral,bauxite,1
bush,bud_brush,1
substance,sulfamethazine,1
tracheophyte,roquette,1
living_thing,leon_trotsky,1
object,north_vietnam,1
someone,newsvendor,1
entity,hooded_pitcher_plant,1
commons,funfair,1
subdivision,bel_and_the_dragon,1
deed,pinochle,1
somebody,fencesitter,1
narrative,nursery_rhyme,1
abstraction,eos,1
measure,annum,1
administrative_division,coventry,1
criminal,shoplifter,1
object,ussr,1
constituent,company_name,1
abstract_entity,baseness,1
military_man,man-at-arms,1
human_action,somme,1
hypovitaminosis,mayidism,1
existence,yard_sale,1
group,genus_lavandula,1
artefact,sailing_vessel,1
human_action,grilling,1
tribe,phyle,1
compound,vinyl_polymer,1
cognition,assimilation,1
unit,gaetan_vestris,1
organism,mackerel,1
note,twenty,1
attribute,life_style,1
plant,helianthus_laetiflorus,1
physical_entity,satellite_tv,1
geographical_point,nantes,1
abstract_entity,1530s,1
abstraction,afl-cio,1
status,cleft_palate,1
group,aceraceae,1
notation,alto_clef,1
fear,diffidence,1
human_activity,breach_of_promise,1
taxonomic_group,boletellus,1
administrative_division,taiyuan,1
entity,genus_elodea,1
double_star,dog_star,1
class,class_eumycetes,1
natural_covering,walrus_moustache,1
process,malodour,1
body_of_water,danau,1
human_activity,squawk,1
plant,mentha_aquatica,1
relation,worldly_goods,1
toy,rocking_horse,1
area,association_cortex,1
being,dalton,1
passage,sylvian_aqueduct,1
taxonomic_group,genus_larix,1
abstraction,homozygosity,1
abstraction,banker's_check,1
living_thing,tortricid,1
connection,clip_lead,1
geographical_region,french_indochina,1
physical_entity,monodon_monoceros,1
organism,sugar_daddy,1
group,jazz_band,1
tracheophyte,edible-pod_pea,1
act,poitiers,1
event,prepayment,1
deed,mammothermography,1
demesne,fief,1
biological_group,tragelaphus,1
creature,garden_spider,1
living_thing,cast-iron_plant,1
bush_clover,lespedeza_stipulacea,1
natural_event,jar,1
biological_group,retrophyllum,1
matter,atomic_number_26,1
social_group,education_department,1
entity,finesse,1
being,conciliator,1
power,valence,1
somebody,helot,1
psychological_feature,undoing,1
ill_health,urarthritis,1
human_action,fractionation,1
physical_entity,gemma,1
abstraction,callithump_parade,1
matter,goo,1
physical_object,transplanter,1
subject_matter,stricture,1
living_thing,aureolaria_virginica,1
skeletal_structure,pectoral_arch,1
physical_entity,mercator,1
abstraction,electron_shell,1
entity,cadetship,1
spot,nanda_devi,1
organism,true_cat,1
act,hockey,1
physical_process,beta_wave,1
arthropod_genus,lepisma,1
organism,double_gold,1
causal_agency,pelagius,1
abstract_entity,shivering,1
object,stephen_spender,1
soul,end_man,1
entity,girard,1
chemical,permanganic_acid,1
organism,ref,1
abstraction,figured_bass,1
conference,class,1
abstraction,past_tense,1
causal_agent,osip_emilevich_mandelstam,1
causal_agent,etodolac,1
medicinal_drug,primidone,1
abstract_entity,anserinae,1
plant_life,blood_flower,1
communication,exemplification,1
herb,blue_bugle,1
taxonomic_category,genus_eugenia,1
constituent,element_105,1
unit,suspension_bridge,1
entity,derring-do,1
territorial_division,alborg,1
hormone,progesterone,1
transportation,mass_rapid_transit,1
physical_entity,goora_nut,1
institution,index_fund,1
dancer,st._denis,1
municipality,san_francisco,1
abstraction,whorlywort,1
physical_object,birchbark,1
component,enkephalin,1
status,rigor_mortis,1
investment_firm,real_estate_investment_trust,1
month,october,1
rectifier,full-wave_rectifier,1
entity,lady's-eardrops,1
paving_stone,cobblestone,1
cause,pyocyanin,1
object,princeton_university,1
cognitive_process,taste_sensation,1
plant_structure,stub,1
physical_object,teucrium_chamaedrys,1
animate_thing,hog_peanut,1
location,compartment,1
biological_group,mutinus,1
phenomenon,interference_fringe,1
entity,building_code,1
substance,hallucinogenic_drug,1
abstraction,harlem_renaissance,1
location,lund,1
whole,japanese_pagoda_tree,1
urban_area,hibbing,1
evil,viciousness,1
reaction,reflex_action,1
object,fictional_animal,1
physical_object,eucalyptus_camaldulensis,1
soul,vespasian,1
author,walter_lippmann,1
biological_group,diacalpa,1
unit,corridor,1
grownup,harry_f._klinefelter,1
disbursal,budget_items,1
attribute,unsuitability,1
commercialism,horticulture,1
cloth,fustian,1
spermatophyte,veronica,1
entity,suborder_megachiroptera,1
physical_entity,brood_hen,1
indicant,staff_line,1
abstract_entity,glebe,1
body_of_water,saint_johns,1
artefact,outbuilding,1
quality,motherliness,1
entity,auriculariaceae,1
measure,carton,1
business_enterprise,cranberry_culture,1
ligneous_plant,cupressus_pigmaea,1
herbaceous_plant,love-lies-bleeding,1
entity,amnesia,1
geographic_area,bad_lands,1
paper_currency,banker's_bill,1
artefact,time_capsule,1
unit,mahagua,1
can,oilcan,1
abstract_entity,microcode,1
entity,blixen,1
carnivore,tiger,1
feeling,huffiness,1
entity,telopea,1
entity,solver,1
abstraction,spending_cut,1
unpleasant_person,torturer,1
vertebrate,welsh_black,1
fungus,flag_smut_fungus,1
physical_object,rameau,1
constituent,excreta,1
chordate,quiscalus_quiscula,1
urban_area,veracruz,1
cause,eyeglass_wearer,1
country,tanzania,1
attribute,jocundity,1
church_festival,tabernacles,1
plant,quercitron_oak,1
expenditure,child_support,1
nutrient,prune_whip,1
thing,guaira,1
abstract_entity,payslip,1
business_establishment,juke,1
tracheophyte,barbados-gooseberry_vine,1
grouping,crassostrea,1
plant_life,alpinia_speciosa,1
animate_thing,brent,1
matter,ghedda_wax,1
individual,d'holbach,1
mammalian,white_wolf,1
bone,cranium,1
produce,peach,1
flora,picrasma_excelsum,1
movement,palestinian_islamic_jihad,1
knavery,double_cross,1
military_operation,okinawa,1
moss,bog_moss,1
someone,sophist,1
process,styloid_process,1
lead-acid_accumulator,car_battery,1
representative,hurok,1
artifact,warning_bell,1
fauna,atlantic_salmon,1
subject_field,interpretative_dance,1
fauna,rainbow_lorikeet,1
demeanour,propriety,1
portion,nitrogen,1
sport,surfboarding,1
advocate,wassailer,1
abstract_entity,family_roccellaceae,1
crewman,mate,1
substance,partial_differential_equation,1
abstraction,sturm_und_drang,1
grownup,sarah,1
physical_entity,new_world_sparrow,1
human_activity,kvetch,1
fauna,lammergeyer,1
food,avocado_pear,1
ideal,design_criteria,1
development,auxesis,1
tree,satsuma,1
human_activity,fibre_optics,1
flora,andaman_marble,1
damselfish,beaugregory,1
faith,shamanism,1
entity,genus_ambrosia,1
negotiator,president_wilson,1
assembly,spanish_inquisition,1
abstract_entity,tinamiformes,1
unit,hazelnut_tree,1
somebody,georges_pierre_seurat,1
organism,king_vulture,1
someone,orczy,1
entity,1860s,1
physical_entity,whin,1
taxonomic_group,family_annonaceae,1
activity,epigenesis,1
plant,campanula_rapunculus,1
abstract_entity,aerobacter_aerogenes,1
foreign_terrorist_organization,lashkar-e-omar,1
substance,panegyric,1
entity,retama_raetam,1
construction,cn_tower,1
percoid,pudding-wife,1
entity,perseverance,1
urban_area,thule,1
brute,sphecoid_wasp,1
conveyance,luge,1
cause,tagore,1
anatomical_structure,ileal_artery,1
individual,lieutenant_jg,1
mechanical_device,pulley,1
being,acer_saccharum,1
entity,arthralgia,1
whole,pocket_flask,1
unit,dozer,1
animate_thing,grade,1
artifact,sewer_system,1
physical_entity,mild_silver_protein,1
placentation,free_central_placentation,1
chemical_compound,marsh_gas,1
collation,refreshment,1
activity,shiatsu,1
material,alkyd,1
trade_good,pants,1
cognitive_state,anterograde_amnesia,1
bullterrier,american_pit_bull_terrier,1
animate_thing,nitrobacterium,1
event,recessional,1
wastefulness,high_life,1
abstraction,microstomus,1
physical_entity,buttock,1
entity,pagophila_eburnea,1
capitalist,modiste,1
abstract_entity,genus_melanoplus,1
cause,babe_didrikson,1
device,hodometer,1
animate_thing,common_thorn_apple,1
food,celery,1
physical_entity,apothecium,1
auditory_communication,argot,1
metropolis,akmola,1
politician,pericles,1
abstract_entity,bossism,1
abstract_entity,losing_streak,1
carnivore,sand_cat,1
being,tailwort,1
taxonomic_category,cicuta,1
grouping,crangon,1
taxonomic_group,pseudolarix,1
somebody,monotheist,1
group,aphasmidia,1
group,state_socialism,1
beast,water_scorpion,1
physical_object,remote_control,1
change_of_state,barbarisation,1
probiotic_microflora,lactobacillus_acidophilus,1
entity,fourth_cranial_nerve,1
taxonomic_group,order_therapsida,1
attentiveness,meticulousness,1
abstraction,helipterum,1
plant_organ,megaspore,1
being,exchanger,1
area,cable_car,1
deed,drug_withdrawal,1
physical_entity,latke,1
subshrub,geum_strictum,1
skilled_worker,scpo,1
grip,gunstock,1
written_communication,dime_novel,1
amount,pain_unit,1
natural_fibre,short-staple_cotton,1
action,reclining,1
grouping,order_myricales,1
organism,irishwoman,1
physical_entity,vanilla_extract,1
abstract_entity,dud,1
form,inside_clinch,1
physical_entity,sea-coast,1
somebody,karel_capek,1
soul,quarryman,1
artefact,dictionary,1
causal_agency,guerilla,1
cognition,heartburn,1
instrumentation,pocket_calculator,1
angiosperm,cephalanthera_rubra,1
cognition,diabolism,1
black_and_white,book_of_ruth,1
soul,gary_cooper,1
psychological_feature,telecommunication,1
covering,miter,1
habiliment,tabis,1
entity,arteria_glutes,1
group,genus_periplaneta,1
causal_agency,hispanic_american,1
strip,auto_tire,1
substance,folktale,1
physical_entity,sable_brush,1
abstract_entity,intelligence_quotient,1
unit,chittam_bark,1
atmospheric_phenomenon,northerly,1
document,crank_letter,1
change,defloration,1
object,neutrino,1
barrier,bi-fold_door,1
object,celsius,1
whole,sgraffito,1
content,facet,1
abstract_entity,monitoring_program,1
possession,paper_loss,1
populated_area,blacksburg,1
unit,webcam,1
spermatophyte,rudbeckia_laciniata_hortensia,1
cognitive_state,esthesia,1
fauna,potoroo,1
physical_object,toy_terrier,1
bovid,moufflon,1
object,canary_creeper,1
physical_entity,scrapple,1
clergyman,ignatius,1
covering,revers,1
transparent_gem,moonstone,1
group,soapberry_family,1
cause,aleksandr_solzhenitsyn,1
solid,granola_bar,1
plant_part,cleistothecium,1
soul,astrogator,1
leguminous_plant,bird_vetch,1
entity,rutile,1
allegory,service_stripe,1
abstraction,ergonovine,1
liliid_monocot_family,family_funkaceae,1
welfare,pogey,1
part,two,1
group,paguridae,1
medication,colchicine,1
tactile_property,tweediness,1
territorial_dominion,shire,1
individual,bookdealer,1
entity,revilement,1
relation,wild_card,1
attribute,low_status,1
substance,atomic_number_110,1
abstraction,rutilus,1
part,bassine,1
keyboard_instrument,piano,1
communication,assize,1
machine,sport_car,1
fungus,cortinarius_atkinsonianus,1
animate_thing,qaddafi,1
portion,paba,1
physical_object,lemon_mint,1
causal_agency,philipp_schwarzerd,1
location,oblique_angle,1
woody_plant,grevillela_parallela,1
discharge,volcanic_eruption,1
subshrub,cloveroot,1
desire,retentiveness,1
flora,chenopodium_hybridum,1
quality,majesty,1
foolery,buffoonery,1
attribute,competency,1
part,bronchus,1
cause,ormandy,1
entity,oncovin,1
dominion,santa_barbara,1
animate_thing,herbert_hoover,1
physical_entity,city_university,1
quantity,sabin,1
line,verse_line,1
physiological_state,opportunistic_infection,1
unit,rhizomatous_begonia,1
root,grandparent,1
soul,listener,1
agent,pink_lady,1
causal_agent,smollett,1
artefact,limber,1
knowledge,correlation,1
cause,hospital_chaplain,1
biological_group,erinaceidae,1
caryophylloid_dicot_family,family_batidaceae,1
somebody,role_player,1
physical_entity,fallopian_tube,1
someone,straight,1
abode,tuileries_palace,1
physical_object,fledgeling,1
bodily_structure,follicle,1
period,feast_of_tabernacles,1
relation,sardonyx,1
entity,pinter,1
angiosperm,new_york_aster,1
object,ruhr_valley,1
object,rubus_idaeus,1
sensitiveness,distance_vision,1
artifact,double-hung_window,1
verbalizer,mentioner,1
mixture,22-karat_gold,1
social_group,legislature,1
table,workbench,1
object,willow_tree,1
land,ottoman_empire,1
deed,penning,1
object,source_book,1
act,shufti,1
panencephalitis,inclusion_body_encephalitis,1
event,peace_march,1
object,bahama_islands,1
carnivore,sheepdog,1
chemical_substance,coumarone,1
church_doctrine,article_of_faith,1
person,mediator,1
entity,heat_of_formation,1
somebody,gobbler,1
armed_forces,military_reserve,1
psychological_feature,falstaff,1
flora,pink-and-white_everlasting,1
undergarment,jockey_shorts,1
abstraction,intestinal_juice,1
black_and_white,kol_nidre,1
organism,cinnamon_vine,1
abstraction,cutting_edge,1
group,genus_gastrophryne,1
animate_thing,dud,1
angiosperm,monocot,1
physical_object,cut_glass,1
abstract_entity,gradient,1
taxonomic_group,lacertilia,1
abstract_entity,odocoileus,1
male_horse,studhorse,1
abstraction,air_traffic,1
causal_agent,wiggler,1
subject_matter,recital,1
unit,homeless_person,1
turn,counterclockwise_rotation,1
territory,monte_carlo,1
tree,westland_pine,1
causal_agency,robert_indiana,1
change,male_orgasm,1
equipment,audiovisual_aid,1
arts,one-step,1
beast,acarine,1
religious_writing,koran,1
physical_object,iridoprocne_bicolor,1
map,inverse_function,1
muscle_relaxant,methocarbamol,1
black_and_white,computer_software,1
entity,flight_of_steps,1
abstraction,childlessness,1
taxonomic_category,pteriidae,1
attribute,opalescence,1
plant_organ,acorn,1
entity,vending_machine,1
taxonomic_category,trionychidae,1
metabolic_rate,bmr,1
written_communication,kol_nidre,1
science,aerodynamics,1
animal,starling,1
entity,ilex_decidua,1
mountain_range,mustagh_range,1
process,constructive_metabolism,1
dicot_genus,genus_hyssopus,1
whole,microfiche,1
feeling,gloom,1
false_fruit,anjou,1
being,boletus_subvelutipes,1
wheeled_vehicle,trolley,1
whole,looney,1
physical_object,lego,1
abstraction,puccinia,1
abstract_entity,wetness,1
conduit,smokestack,1
abstract_entity,sarpedon,1
entity,self-organisation,1
soul,starkey,1
wild_flower,zigzag_goldenrod,1
cause,weary_willie,1
hymenopter,slave-maker,1
imperfection,pseudohermaphroditism,1
biological_group,arenga,1
substance,sicilian_pizza,1
position,monogyny,1
abstraction,old_north_french,1
causal_agent,bob_marley,1
instrumentation,dice_box,1
gathering,same-sex_marriage,1
system_of_measurement,information_measure,1
physical_object,bluegrass_state,1
acknowledgment,mea_culpa,1
attitude,leaning,1
brute,marsupial_rat,1
class,superclass_agnatha,1
event,human_death,1
ligneous_plant,furze,1
geographic_region,british_empire,1
tending,autogenic_therapy,1
substance,receipt,1
constituent,given_name,1
causal_agent,salutatorian,1
component_part,barium_sulfate,1
someone,agitator,1
abstract_entity,family_naticidae,1
artefact,dot_matrix_printer,1
measure,sackful,1
entity,hatred,1
grouping,euterpe,1
tracheophyte,ornithogalum_pyrenaicum,1
horizontal_surface,turntable,1
sports_equipment,sand_wedge,1
act,bailiffship,1
whole,arishth,1
abstraction,corvee,1
biological_group,tardigrada,1
somebody,stanford,1
large_integer,twenty-three,1
person,victualler,1
entity,flame_bush,1
instrumentation,steelyard,1
soul,prison_guard,1
system,new_style_calendar,1
antenna,tv-antenna,1
cognitive_content,vector_algebra,1
being,lampooner,1
living_thing,common_scoter,1
activity,leach,1
grouping,sanitation_department,1
abstraction,zebibit,1
region,quintana_roo,1
entity,el_nino_southern_oscillation,1
psychological_feature,trine_immersion,1
being,edmund_malone,1
abstraction,morpheus,1
act,lag,1
physical_object,big_sister,1
mortal,lead,1
plumage,alula,1
dairy_product,clotted_cream,1
substance,truth_drug,1
physical_object,cascades,1
entity,rutherford_b._hayes,1
taxon,erysiphaceae,1
abstraction,aniline_oil,1
tracheophyte,greater_masterwort,1
object,allergist,1
abstraction,formol,1
animate_being,ichneumon_fly,1
dasyurid,tasmanian_devil,1
object,squama,1
organism,wine_steward,1
living_thing,climbing_perch,1
tracheophyte,toad_lily,1
unit,figured-fabric_loom,1
quality,worriment,1
location,greenville,1
payment,hire-purchase,1
object,mooring_tower,1
someone,satellite,1
parcel,orchard,1
harm,deformation,1
abstraction,tomography,1
instrumentation,wide-angle_lens,1
module,stigmatism,1
entity,viewers,1
person,beverly_sills,1
component,pregnanediol,1
ash,fraxinus_quadrangulata,1
discipline,mechanics,1
food_product,caraway_seed_bread,1
substance,cobalt_60,1
tracheophyte,northern_pin_oak,1
physical_entity,piece_of_furniture,1
institution,insurer,1
matter,hcfc,1
black_and_white,acts_of_the_apostles,1
unit,oligarch,1
organism,plaster_saint,1
group,chrysochloris,1
period_of_time,whitweek,1
entity,peripheral_nervous_system,1
entity,luxembourg-ville,1
component_part,benzoquinone,1
binary_star,aldebaran,1
flowering_tree,oxydendrum_arboreum,1
unit,dat,1
abstraction,drawing_ink,1
amphibian_genus,genus_megalobatrachus,1
communication,chequebook,1
credit,letter_of_credit,1
vascular_plant,king's_spear,1
entity,agglomerator,1
entity,flour_bin,1
unit,christiaan_huygens,1
sept,ch'ing_dynasty,1
animate_thing,brassica_oleracea_italica,1
anatomical_structure,orb,1
entity,genus_gymnadenia,1
someone,macushla,1
flora,birdseed_grass,1
instrumentality,mizzenmast,1
color,silver_grey,1
substance,sick_joke,1
artifact,iris_diaphragm,1
mental_illness,alzheimer's,1
unit,copyholder,1
genre,negro_spiritual,1
abstraction,entelea,1
bodily_structure,gnathion,1
being,vinegar_tree,1
restitution,exemplary_damages,1
abstract_entity,sahara,1
group,foreign_legion,1
crowd,rabble,1
amount,jazz_age,1
construction,pyramid,1
caryophylloid_dicot_genus,genus_silene,1
biological_group,genus_leonotis,1
attribute,dithered_colour,1
entity,hoodlum,1
taxon,genus_phyllostachys,1
abstraction,balkline,1
abstract_entity,oecanthus,1
entity,mountain_quail,1
entity,noggin,1
artefact,ocarina,1
military_operation,counteroffensive,1
establishment,penitentiary,1
object,conning_tower,1
artifact,gaff-headed_sail,1
blood_disorder,alkalemia,1
group,genus_isoetes,1
biological_group,genus_geophilus,1
whole,equal,1
entity,quadriplegic,1
pointer,electronic_stylus,1
solid,applesauce_cake,1
geographic_region,hinterland,1
entity,waistline,1
entity,genus_hemipteronatus,1
being,petroselinum_crispum,1
craniate,isurus_paucus,1
dicot_family,melastomaceae,1
bush,hibiscus_sabdariffa,1
abstraction,simple_closed_curve,1
plastic_art,diaglyph,1
unit,head_louse,1
animate_thing,burdock,1
object,scale_leaf,1
mortal,herbert_blythe,1
outcome,outgrowth,1
compound,sulphur_oxide,1
abstract_entity,agonus,1
biological_group,genus_delichon,1
taxonomic_group,lepus,1
entity,britches,1
group,phyllocladaceae,1
method,patristics,1
matter,ramipril,1
entity,place-worship,1
animate_being,aedes_albopictus,1
location,pleasance,1
rhubarb,rheum_rhabarbarum,1
taxon,ophrys,1
living_thing,leonid_ilyich_brezhnev,1
termination,culmination,1
object,diodon_holocanthus,1
whole,germ_cell,1
abstraction,occupancy,1
abstraction,entertainment,1
flora,leather_flower,1
event,jutting,1
mortal,immigrant,1
instrumentality,junction_transistor,1
taxonomic_category,haematoxylum,1
animate_thing,undergraduate,1
impotency,ineffectiveness,1
person,louis_jolliet,1
speech_act,particularization,1
group,department_of_philosophy,1
phenomenon,electromagnetic_wave,1
unit,cotton_mill,1
physical_object,joule,1
abstraction,amyl_alcohol,1
abstraction,embrace,1
colour,chromatic_color,1
abstract_entity,griminess,1
business_organisation,automaker,1
causal_agency,jonathan_edwards,1
good_health,haleness,1
somebody,klemens_metternich,1
matter,wassail,1
indigen,chukchi,1
component_part,mrs,1
secernment,galactosis,1
physical_entity,strip_steak,1
elementary_particle,strange_particle,1
entity,bank_robber,1
condition,mexican_standoff,1
constituent,formative,1
group,department_of_the_federal_government,1
malady,canicola_fever,1
organism,french,1
buffer,print_buffer,1
attribute,malathion_poisoning,1
entity,architectural_plan,1
eutherian,tamias_striatus,1
food_product,challah,1
evening_primrose,oenothera_fruticosa,1
physical_entity,james_prescott_joule,1
transaction,meat_packing,1
physical_object,ship-breaker,1
being,satureja_douglasii,1
instrumentation,sea_anchor,1
carpal_bone,unciform_bone,1
deity,kami,1
matter,diatomite,1
entity,praesidium,1
human_action,lip_synch,1
entity,torpidness,1
thought,retirement_program,1
group,family_esocidae,1
entity,oxidizer,1
flora,nephrolepis_pectinata,1
physical_entity,fatherland,1
machine,carpet_loom,1
climber,hairy_vetch,1
fighter,sparring_mate,1
someone,john_amos_comenius,1
abstract_entity,pas,1
physical_entity,video_digitizing,1
entity,shiite,1
scrapper,street_fighter,1
artifact,lip_rouge,1
matter,pipracil,1
information,negative_stimulation,1
living_thing,turdus_torquatus,1
animate_thing,tracheophyte,1
vessel,precava,1
psychological_feature,photocoagulation,1
part,benedictine,1
area,land_area,1
abstraction,tea_family,1
entity,deficit_spending,1
electromagnetic_radiation,visible_radiation,1
human_action,purification,1
paleontology,paleodendrology,1
bulbous_plant,mariposa_lily,1
group,platymiscium,1
flora,water_hemlock,1
being,letter,1
grouping,family_pandanaceae,1
group,living_room_suite,1
skilled_worker,elected_official,1
pidgin,chinook_jargon,1
measurement,stanford-binet_test,1
group,philophylla,1
physical_object,plaid,1
instrumentation,milling_machinery,1
artificer,woodworker,1
artifact,teapot,1
specialist,howard_florey,1
communication,ditto,1
black_and_white,supplement,1
flora,liparis,1
artifact,fish_ladder,1
being,tickweed,1
unit,climatologist,1
substance,methylenedioxymethamphetamine,1
power,gargantua,1
unit,infernal_machine,1
someone,early_bird,1
location,stratosphere,1
dilleniid_dicot_genus,kosteletzya,1
eutherian,jackal,1
bodily_process,coprophagy,1
physical_object,frond,1
stuff,bursting_charge,1
creativity,cassiopeia,1
quantity,manat,1
organism,trevelyan,1
part,mastoid_process,1
protection,roost,1
somebody,phytochemist,1
abstract_entity,yemeni_fils,1
confusion,secret,1
psychological_feature,hector,1
wrist_bone,navicular,1
cognitive_content,unrealism,1
activity,reassignment,1
human_action,flying_colors,1
device,steam_engine,1
ill_health,pott's_disease,1
entity,dramatic_composition,1
bad_person,letch,1
creature,blowfly,1
vascular_plant,california_pitcher_plant,1
entity,propellant,1
whole,red-backed_mouse,1
habitant,iranian,1
flavouring,wine_vinegar,1
being,big_bill_tilden,1
constituent,ichor,1
arthropod_family,family_machilidae,1
chordate,congo_peafowl,1
entity,trigonometric_function,1
right,right_to_vote,1
abstraction,timbre,1
fungus_order,moniliales,1
geographic_area,xian,1
syntagm,minor_term,1
gnawer,parka_squirrel,1
common_fraction,one-sixtieth,1
artefact,moustache_cup,1
dweller,hindu,1
physiological_condition,blood_disease,1
condition,toper's_nose,1
grouping,family_caproidae,1
individual,boor,1
organism,louis_b._mayer,1
taxon,scartella,1
group,genus_callorhinus,1
spy,shadower,1
physical_entity,adp,1
cause,auguste_comte,1
person,tarkovsky,1
abstraction,garbology,1
organism,o'neill,1
solid,acrylonitrile-butadiene-styrene,1
grouping,zygomycetes,1
written_language,organic_law,1
chordate,long-billed_marsh_wren,1
anesthetic,blue_devil,1
mortal,golf_player,1
hickory_tree,black_hickory,1
entity,capitol_reef_national_park,1
object,safflower_seed,1
vesicle,golgi_complex,1
knowledge,upset_stomach,1
group,genus_borassus,1
job,governorship,1
imprisonment,lockdown,1
cognition,god_almighty,1
living_thing,rhodesian_ridgeback,1
chemical_element,radon,1
content,nuclear_deterrence,1
written_material,chit,1
abstraction,atomic_number_22,1
condiment,mint_sauce,1
bodily_process,safe_sex,1
taxonomic_group,genus_tolypeutes,1
condition,shortage,1
entity,gadget,1
geographical_region,munich,1
current,riptide,1
linguistic_scientist,otto_jespersen,1
cognitive_factor,divine_guidance,1
mathematics,harmonic_analysis,1
curiosity,bric-a-brac,1
human_action,services,1
mammal,tennessee_walker,1
nutrient,molasses,1
vertebrate,wire-haired_terrier,1
area,marine_museum,1
abstract_entity,interest_group,1
abstract_entity,echinocereus,1
animate_thing,sawdust_mushroom,1
magnoliopsid_genus,carpobrotus,1
unit_of_measurement,libyan_dirham,1
group,campephilus,1
taxon,genus_micropterus,1
device,seat_belt,1
abstract_entity,cod-liver_oil,1
physical_entity,marchland,1
deed,devitalization,1
causal_agency,commander_in_chief,1
artifact,hacksaw,1
matter,white_potato,1
craniate,free-tailed_bat,1
living_thing,big-eyed_scad,1
genus,catha,1
act,accomplishment,1
terminology,standard_generalized_markup_language,1
abstraction,debilitation,1
abstraction,polychaeta,1
entity,plasminogen,1
event,courting,1
entity,rose_globe_lily,1
living_thing,stenocarpus_salignus,1
chemical,synthetic_resin,1
piece_of_furniture,bassinet,1
entity,demoralization,1
constituent,isosmotic_solution,1
fauna,bean_aphid,1
agent,mexitil,1
constipation,dyschezia,1
aquatic_fern,common_nardoo,1
physical_entity,television-camera_tube,1
taxon,lysichitum,1
unit,autograph_album,1
part,iced_tea,1
abstract_entity,urarthritis,1
animate_thing,stinky_squid,1
entity,heaume,1
quantity,international_mile,1
individual,santee,1
thin-leaved_bilberry,clingfilm,0
highbinder,shape,0
benign_prostatic_hyperplasia,pagan_religion,0
capital_offense,boxing_ring,0
slugger,swamp_sparrow,0
aspidelaps_lubricus,chipolata,0
filing_system,writing_pad,0
bitartrate,genus_irvingia,0
laundryman,regulator,0
genus_lagorchestes,ghz,0
murmuration,genus_pipilo,0
discharge_pipe,intercourse,0
pluperfect,bergamot_mint,0
hebrew_alphabet,tennis_shot,0
toll_call,velvet,0
habenaria_dilatata,lyric,0
rheiformes,polarity,0
expressed_almond_oil,firelight,0
sensor,genetic_screening,0
chrysoberyl,mailboat,0
doppelzentner,squash_pie,0
mirage,genus_ictalurus,0
racialist,skillfulness,0
siva,wipeout,0
podargidae,wasp_waist,0
santee_dakota,dishwashing,0
topi,white_honeysuckle,0
cock_of_the_rock,leakage,0
enclosed_space,mandibular_gland,0
glitz,boysenberry_bush,0
hombre,azide,0
common_laburnum,john_davison_rockefeller,0
polariscope,sulindac,0
taiwanese,sri_lanka_rupee,0
whitelash,false_baby's_breath,0
civil_action,cestidae,0
salaam,scaphiopus_hammondii,0
dacron,dishpan,0
lobster_tail,greenland_caribou,0
periodic_movement,computer_monitor,0
chased,pieta,0
coumarouna,chrysanthemum_morifolium,0
gaseous_state,calopogon,0
scorer,fly_rod,0
lay_reader,qindarka,0
family_engraulidae,festivity,0
third_epistel_of_john,cosmogony,0
silver_grey,melatonin,0
theatergoer,stenocarpus_salignus,0
medlars,albee,0
gelechiid_moth,o.e.d.,0
consistence,true_warbler,0
fleck,labyrinthine_sense,0
dolt,unconventionality,0
plant_process,interchangeability,0
vigna_radiata,food_colour,0
genus_zizania,carlyle,0
pleasure_seeker,cream_cheese,0
heat_dissipation,genus_dillenia,0
hob,genus_acrocomia,0
blow_gas,babbitt,0
oblong_leaf,dovyalis_hebecarpa,0
toulouse-lautrec,butterfly_ray,0
baddeleyite,airbrush,0
racing_yacht,hygrotrama_foetens,0
book_binding,rock_hyrax,0
fucking,perejil,0
mirthfulness,art_history,0
mainframe_computer,dieback,0
corn_chip,troop_transport,0
alexandrian_laurel,niobium,0
pedology,red_laver,0
length,sellers'_market,0
re-uptake,respectability,0
university_of_nebraska,woolly_sunflower,0
groundbreaking_ceremony,rocky_mountain_pinon,0
selector_switch,beaker,0
fastball,field_event,0
silverbell_tree,film_festival,0
theater_director,water_under_the_bridge,0
anopheline,genus_solanopteris,0
gladdon_iris,sls,0
goral,hypochaeris_radicata,0
marsh_st-john's_wort,security_system,0
digoxin,tucker,0
check,genus_stylomecon,0
sardine_oil,spoon_food,0
acquired_immune_deficiency_syndrome,rumen,0
tefillin,strip_miner,0
family_boidae,mental_disease,0
alder_blight,mountain_trail,0
jabberwocky,midway_islands,0
baphia,soutine,0
sex-linked_disorder,conventionalization,0
old_line_state,sir_frederick_handley_page,0
mergus_albellus,king_oedipus,0
loggia,cold_sore,0
bud_brush,benjamin_harrison,0
lagorchestes,cost-benefit_analysis,0
sodium-vapor_lamp,dysgenesis,0
caravanning,australian_hare's_foot,0
yucca_baccata,american_frogbit,0
shish_kebab,lonicera_canadensis,0
elastic_tissue,ruthfulness,0
passive_air_defense,sex_characteristic,0
volvaria_bombycina,straightedge,0
citrullus,bond_issue,0
gimlet,genus_rupicapra,0
grove,pocket,0
terpsichorean,fire_sale,0
bartramian_sandpiper,sentimentalism,0
calochortus,ethanamide,0
core_group,norlestrin,0
immunology,alcaic,0
golf_glove,desert_mariposa_tulip,0
daisy-leaved_grape_fern,autogenic_therapy,0
bertolucci,common_coral_tree,0
magnetite,garden_party,0
genus_aegypius,ormazd,0
niccolo_paganini,phenothiazine,0
tinderbox,dumpy_level,0
cyclopes,fortuitousness,0
cub,ceroxylon_andicola,0
parted_leaf,lowness,0
pinus_aristata,powder_photography,0
acid_test,horner's_syndrome,0
stuttgart,david_livingstone,0
cephalotus_follicularis,viand,0
michener,mare_nostrum,0
limbus,acute_schizophrenic_episode,0
aralia_racemosa,sharksucker,0
ficus,forcing_out,0
slowing,ptyas_mucosus,0
gigahertz,psammoma,0
genus_plicatoperipatus,blackening,0
mullus_surmuletus,william_shakspere,0
suede_leather,bayes'_theorem,0
vogue,butterfly_fish,0
cosmological_constant,nipa_fruticans,0
dry_mop,quadrangular_prism,0
tadalafil,equivalence,0
gnawing_mammal,viscount,0
pelvic_fin,mend,0
cheese_pizza,genus_raoulia,0
upstart,loafer,0
khz,vituperation,0
vendee,sabbath_school,0
austro-asiatic,paper_cup,0
giant_reed,pomologist,0
national_guard_bureau,generic,0
genus_astrophyton,strobilus,0
humanness,elaborateness,0
electric_chair,genus_ammobium,0
apostolic_delegate,roundelay,0
saturation_bombing,american_dog_tick,0
alkanet,carotenemia,0
flat-coated_retriever,urinator,0
attractive_nuisance,gelsemium_sempervirens,0
eolithic,azotaemia,0
aeschylus,leftist,0
rhynia,pahang,0
positioner,patty-pan,0
boardroom,potassium_alum,0
postulate,baron,0
nightfall,car-ferry,0
kotoko,duplicator,0
malay_archipelago,peritrate,0
gofer,tux,0
flagpole,case_agreement,0
crohn,nestor,0
emotional_state,tuberosity,0
reseda_odorata,drosophyllum_lusitanicum,0
shantung,pin_oak,0
tongue-flower,magnetic_dipole,0
hierarchy,drepanis,0
oceanus,manganese_steel,0
auxiliary,josiah_quincy,0
roy_orbison,annoyer,0
altoist,merestone,0
ruptiliocarpon,achira,0
toulon,cushaw,0
patching,mandrill,0
common_mullein,seidlitz_powders,0
knowledge_base,wise_guy,0
ultimatum,diegueno,0
switcheroo,halon,0
giacomo_meyerbeer,sciatica,0
weighting,metric_weight_unit,0
desire,faeces,0
oreortyx_picta_palmeri,cpa,0
acquittal,potassium_acid_carbonate,0
tuvalu,trappist,0
space-time,thebe,0
cinchona_calisaya,anabantidae,0
winfred,giant_chinkapin,0
eglantine,causation,0
good_samaritan,dysdercus,0
egotist,bryonia_dioica,0
glandulae_cervicales_uteri,clever_clogs,0
euglenid,conditioned_response,0
tamiasciurus,carcharias_taurus,0
musical_arrangement,telopea,0
frye,chinook_salmon,0
paster,cnidaria,0
coeliac_plexus,genus_sesamum,0
caspar,stunt_flying,0
pinot_noir,wheat_flag_smut,0
toxicant,nebuchadrezzar,0
lexington,khalka,0
chronic_renal_failure,phytophthora_citrophthora,0
marie_anne_charlotte_corday_d'armont,denisonia,0
grantee,hudson_bay_collared_lemming,0
cygnus_cygnus,edict,0
matchet,elizabeth_ii,0
surrejoinder,parieto-occipital_sulcus,0
lysimachia_terrestris,roughrider,0
stool_pigeon,zero-coupon_bond,0
military_unit,bactrian_camel,0
coeloglossum_bracteatum,product_introduction,0
suksdorfia,sete_quedas,0
dragonfly,fort_george_g._meade,0
genus_plectranthus,al-fatah,0
shot_putter,technetium,0
dent_corn,laugh,0
mickle,oenomel,0
hypnophobia,water_chickweed,0
council_on_environmental_policy,police_officer,0
ahmed_salman_rushdie,hoffman,0
bessie_smith,gravy_holder,0
odovacar,caspian,0
axillary_node,italic,0
hyrax,holometabola,0
powder-post_termite,dry_mop,0
demilitarized_zone,pbs,0
ichthyosauria,belgian_endive,0
neurophysiology,masker,0
impasto,palingenesis,0
stump,frequency_response,0
honey,subdivision_cycadophytina,0
aneides_lugubris,brazilian_trumpeter,0
crosscut,ellul,0
f._scott_fitzgerald,parturition,0
conjure_man,snow_plant,0
triplicity,husking_bee,0
clioquinol,greek_chorus,0
calcification,add-in,0
association_cortex,gout,0
anemia,counterterrorism,0
license_fee,procellariidae,0
blattella,hemoprotein,0
cardiospermum,elia,0
viscid_mushroom,endoderm,0
white_potato_vine,sium_sisarum,0
trygve_halvden_lie,genus_lunda,0
fry,family_cicadidae,0
good-naturedness,nenets,0
sphenisciform_seabird,nates,0
sales_finance_company,attack_submarine,0
atomic_number_29,gregory_i,0
sociability,bowhead,0
belly_dancing,non-ionic_detergent,0
isobutylphenyl_propionic_acid,solandra_guttata,0
pearler,whispering_dome,0
fermium,velvet,0
thalassemia,chlorpyrifos,0
milk_thistle,edna_ferber,0
rivina_humilis,turmeric,0
kalmia_latifolia,over-the-counter_drug,0
cystopteris_montana,tumbril,0
lamellate_placentation,fthm,0
hypnotiser,macaca,0
atsugewi,single_dwelling,0
gastrectomy,aleksey_maximovich_peshkov,0
anastatica_hierochuntica,glossopharyngeal_nerve,0
cryptanalyst,trade_edition,0
crisis_intervention,sidalcea,0
spelt,bank_gravel,0
greenshank,shark-liver_oil,0
coax_cable,henri_louis_bergson,0
po_river,glee,0
mouth_hole,tartary,0
indian_crocus,side_horse,0
nilotic,aureole,0
fire_walker,single-breasted_jacket,0
wasp,nlrb,0
martin_v,coureur_de_bois,0
exchangeability,wartwort,0
centipede,genus_volvaria,0
ubiquity,verbascum_blattaria,0
high_table,louis_eugene_felix_neel,0
sage_hen,dried_apricot,0
definite_quantity,agricultural_agent,0
chinook_wind,genus_alepisaurus,0
sergei_pavlovich_diaghilev,estates_general,0
william_curtis,digital-analog_converter,0
volleyball_player,pressure_gauge,0
prisoner's_base,atlantic,0
peripatidae,oxyuridae,0
flying_robin,new_world_mouse,0
allamanda_cathartica,goldmark,0
ephesus,staple_gun,0
levi's,order_filicales,0
xyphophorus_helleri,peace_officer,0
cunningham,klamath,0
bibliomania,cylinder_block,0
ceratopsian,turret,0
typewriter,gym_shoe,0
pine_tree_state,canon,0
valedictory_oration,case_in_point,0
predominance,ground_beetle,0
cottonseed,thumbhole,0
mortal_enemy,line_score,0
mask,turnip,0
nazimova,electronics_company,0
unleaded_petrol,power_breakfast,0
james_hogg,kilowatt,0
douglas_elton_fairbanks,nan-ning,0
poitou,grillwork,0
family_osmundaceae,melolontha,0
mark_anthony,sticky_end,0
lady_of_pleasure,rolf,0
st._matthew,armored_combat_vehicle,0
antoninus,delaware,0
trilling,savara,0
drapery,ill_fame,0
dissimulation,vena_stylomastoidea,0
stercolith,photochemical_reaction,0
glengarry,red_lead,0
mock_orange,hakham,0
sleeping_accommodation,harquebus,0
orange_horseshoe_bat,school-age_child,0
elm_family,elasmobranchii,0
thick-knee,doxepin_hydrochloride,0
arkansan,pug_nose,0
haemophile,pellicularia_filamentosa,0
whispering,cleverness,0
organization_of_petroleum-exporting_countries,goldstone,0
peony,order_ericales,0
maksim_gorky,christmas_begonia,0
web_spinner,crystallization,0
prionotus_carolinus,piggyback_plant,0
genus_bettongia,cd4_cell,0
space_walk,xyridaceae,0
ten_dollar_bill,dracocephalum,0
carl_august_nielsen,veronica_anagallis-aquatica,0
visual_purple,vanity,0
chafing_dish,coupler,0
green_pea_soup,genus_hoya,0
vitreous_silica,afro,0
password,norwegian_krone,0
paleobotany,italian_region,0
detoxification,ovalipes,0
surfriding,mary_douglas_leakey,0
edifice,flash_welding,0
class_bivalvia,incisura,0
deoxyadenosine_monophosphate,fruit_machine,0
exenteration,folliculitis,0
numismatist,carrot_pudding,0
gulf_of_bothnia,den_haag,0
amount_of_money,jed'dah,0
bones,overprint,0
wandering_albatross,zeidae,0
presbytes_entellus,genus_leptodactylus,0
gloriosa_superba,blatta,0
bermuda_maidenhair,circle,0
weather_deck,parlor_game,0
naegele's_rule,squelcher,0
sambucus_canadensis,hypermastigina,0
vena_lumbalis,dame_joan_sutherland,0
high-spiritedness,gita,0
rock_geranium,book_of_instructions,0
glendower,pythoness,0
jerker,trill,0
communications_satellite,rails,0
mandrillus,volans,0
photo_finish,pinko,0
anne_hutchinson,dink,0
list,swagger_stick,0
radio_link,henry_m._stanley,0
macaroni_salad,auxiliary_equipment,0
reconnoitring,edgar_allan_poe,0
hundred,swamp_oak,0
submandibular_salivary_gland,quarreler,0
marmara_denizi,suppressant,0
rails,exaeretodon,0
black_cherry_tree,alternating_current,0
undershrub,blind_person,0
devotional,philip_of_valois,0
internal_combustion,australopithecus,0
eptesicus,locomotive_engine,0
grey_friar,antiphony,0
transcriptase,linoleum,0
land-office_business,fertilization_membrane,0
theory_of_probability,chenopodium_bonus-henricus,0
wastrel,special_contract,0
jack_pine,genus_symplocus,0
suction_curettage,power_of_appointment,0
genus_stenopterygius,punjab,0
antilogarithm,micrurus,0
horseback,gymnastic_exercise,0
lens_capsule,bedloe's_island,0
screeching,rub-a-dub,0
direct_correlation,golden_saxifrage,0
tobit,african_holly,0
blackwater_fever,back_talk,0
cotes_de_provence,eelworm,0
electrical_capacity,shriek,0
carrying_into_action,heroin,0
lindesnes,ccrc,0
rembrandt_harmensz_van_rijn,recidivism,0
canis_latrans,technological_revolution,0
street_lamp,behaviour,0
hadrosaurus,self-organisation,0
megatheriidae,raft_foundation,0
shoehorn,archimandrite,0
moulter,ordnance_store,0
philanthropic_foundation,proconsulate,0
doctor_of_education,four-o'clock_family,0
striking,factory_farm,0
broken_arch,tribulus,0
south_american_poison_toad,celebrator,0
visualization,functional_calculus,0
te_deum,musophagidae,0
milliped,lymantria,0
miniaturization,township,0
lag_b'omer,genus_micromeria,0
pillowcase,dyscalculia,0
gopherwood,grace_kelly,0
thundershower,countervailing_duty,0
red_poll,recipient_role,0
onagraceae,first_earl_of_beaconsfield,0
cheilanthes_alabamensis,carangid,0
bedtime,incense_tree,0
wine_bottle,bedding_plant,0
danger,conditional_contract,0
vegetable_silk,fluosilicic_acid,0
silky_cornel,head_crash,0
townsend_harris,abeyance,0
family_porcellionidae,dorothea_dix,0
bermudian,rock,0
penis,sightseer,0
input_device,alexis_de_tocqueville,0
mormon_tabernacle,pedestal_table,0
long-head_coneflower,woods,0
aerophyte,jackfruit_tree,0
mozambican,sappho,0
vena_musculophrenica,vasodilation,0
nun's_habit,bird_feeder,0
keepsake,pershing,0
wain,foreign_exchange,0
bad_luck,tender_loving_care,0
horner's_syndrome,piano_maker,0
a_level,astreus_hygrometricus,0
target,categoreme,0
bahasa_melayu,food_shop,0
embryonal_rhabdosarcoma,coricidin,0
nile_crocodile,wonton,0
manicotti,hooded_ladies'_tresses,0
bleriot,town_house,0
secretion,notions_counter,0
screwbean,lactobacillaceae,0
established_church,pen,0
cape_york,plantago_lanceolata,0
pango_pango,carry,0
by-blow,jellyleaf,0
crap_game,segway_human_transporter,0
wedgie,litotes,0
eyebath,easter_card,0
satureia_montana,twilight_zone,0
saffranine,green_dinosaur,0
conservation_of_momentum,colubridae,0
ratibida_tagetes,blattodea,0
sulfadiazine,african_lily,0
huddler,kan_river,0
factor_analysis,bargain_hunter,0
principle_of_liquid_displacement,psychic_trauma,0
rambouillet,sylvilagus,0
capsule,claim,0
genus_schaffneria,x-ray_tube,0
chumminess,malignant_tumor,0
merino_sheep,emulsion,0
spitsbergen,ppk,0
harrod,early_morel,0
rhus_vernix,oculomotor_nerve,0
kalotermitidae,harry_lillis_crosby,0
callowness,froth,0
pennistum_villosum,colonization,0
white-headed_stilt,guttiferae,0
stearic_acid,driving_license,0
alcove,lockage,0
greater_pectoral_muscle,clockwork,0
potato_family,water_thrush,0
psychrometer,ism,0
procardia,bulgarian_monetary_unit,0
hopi,circumflex_scapular_artery,0
common_scoter,massasoit,0
jointed_rush,longing,0
xyridaceae,zea_mays_rugosa,0
aspis,autogyro,0
genus_laburnum,cuculus_canorus,0
polystichum_adiantiformis,franz_kafka,0
pill_bug,gravida,0
xc,squalor,0
graphic,louis_d'outremer,0
taxus_cuspidata,sulfur_oxide,0
quaoar,chinchilla,0
allusiveness,halicoeres_bivittatus,0
inconstancy,hymenophyllum,0
calcium_chloride,japanese_wistaria,0
welcome_wagon,coleslaw,0
oliver_wendell_holmes,hadean_eon,0
troy_unit,fibrosis,0
picture_gallery,tastelessness,0
sluice_valve,glass_cutter,0
genus_oryctolagus,roller_skating,0
synchro,blizzard,0
ecological_terrorism,hand_towel,0
mealberry,poitiers,0
japanese_angelica_tree,dominatrix,0
male_berry,dg,0
moustache,common_matrimony_vine,0
subpoena_duces_tecum,french_lesson,0
balaenoptera_borealis,wassailer,0
planera,trumpet,0
shoo-in,tongue-flower,0
sarvepalli_radhakrishnan,cornel,0
crushed_rock,kam-sui,0
premix,rhodopsin,0
western_united_states,cellulosic,0
z,spodoptera_frugiperda,0
cnidoscolus,overshoot,0
oculism,boob,0
amyotonia,stocktaker,0
karakorum_range,hebrews,0
monopsony,acquirer,0
sanitation,fourier_series,0
genetic_disorder,faith_cure,0
hearing_impairment,window-washing,0
pitchfork,dampening,0
contiguousness,sulphur_butterfly,0
meadow_grass,goat_antelope,0
dig,untier,0
autacoid,pyralididae,0
work_in_progress,trailhead,0
family_lophosoriaceae,chantarelle,0
exbibit,table_napkin,0
genus_urtica,straightaway,0
leafnose_bat,algerian_dinar,0
mara,asilidae,0
toll_road,sherlock,0
slam_dunk,exorbitance,0
garden_violet,long_suit,0
indian_mongoose,box_end_wrench,0
duffle_coat,genus_sinningia,0
battle_of_wake,encapsulation,0
japan_cedar,management_personnel,0
charitable_trust,hemiptera,0
genus_pilosella,sad_sack,0
paddler,radiobiology,0
north_temperate_zone,dermabrasion,0
genus_grias,beneficiation,0
mucuna_pruriens_utilis,wood_alcohol,0
sphaeralcea_coccinea,gaudiness,0
atomizer,capella,0
atlantic,ms,0
kelly,tangelo_tree,0
armoracia,night_life,0
oriental_studies,bisayan,0
slovakia,kalantas,0
tragopogon_dubius,embryo,0
limpopo,dias,0
lateen,oligodontia,0
hot_tub,ida_m._tarbell,0
cinco_de_mayo,galileo,0
ptomaine_poisoning,palmist,0
tv_camera,levi-lorrain_dwarf,0
blink_of_an_eye,white_sauce,0
genus_moneses,vesicaria,0
cryptophyceae,enophile,0
police_academy,genus_antidorcas,0
offbeat,pilot_biscuit,0
nondevelopment,castanea_chrysophylla,0
genus_cypraea,acceptor_rna,0
genus_hippocampus,umbrella_sedge,0
sterol,bastard_wing,0
blacktail_jackrabbit,indian_mongoose,0
pink_bollworm,paget's_disease,0
line_of_products,acheron,0
greatest_common_factor,honeybells,0
esplanade,lupinus_subcarnosus,0
alexander_isayevich_solzhenitsyn,bonaparte,0
circumflex_humeral_artery,praetor,0
orectolobus,contest,0
genus_pternohyla,born-again_christian,0
perniciousness,jean_arp,0
micropogonias,arizona_elegans,0
starwort,bacteria,0
propylthiouracil,lamella,0
kaffir_cat,ornithischian_dinosaur,0
genus_carpenteria,actual_sin,0
atomic_number_85,abducent,0
phonetic_alphabet,tai_chi,0
gymnopilus_spectabilis,east_african_cedar,0
cockfighting,testicular_vein,0
failure,lysol,0
chlorophyta,hezbollah,0
t_lymphocyte,squelch_circuit,0
cholangiography,head_word,0
kinsfolk,tessellation,0
perigone,rb,0
aroeira_blanca,youngstown,0
dissimilarity,lunar_crater,0
tentorial_sinus,tetra,0
genus_bankia,prom,0
equus_asinus,solvate,0
bad_check,antihemorrhagic_factor,0
poetic_license,scatology,0
gambia,steel_industry,0
brain_surgery,lo/ovral,0
indian_tick_fever,symphony,0
devourer,family_cetorhinidae,0
snow-blindness,local_authority,0
angara_river,spheroid_joint,0
winged_pigweed,standard_time,0
family_euphorbiaceae,last_minute,0
copy_editing,war_admiral,0
hardwareman,major_planet,0
cornus_sanguinea,school_principal,0
melagueta_pepper,family_hypericaceae,0
egretta_thula,sorriness,0
preservative,rhododendron,0
flying_mouse,sabbatical,0
congealment,cinchona_cordifolia,0
appropriation,chronological_age,0
cherbourg,talcum_powder,0
aristotelian,hauberk,0
balsam_fir,two-hitter,0
dross,ugli,0
lawn_tennis,whooper,0
ethocaine,fretsaw,0
baba,neurofibromatosis,0
kirsch,apatura,0
schizophrenia,four-part_harmony,0
josef_michel_montgolfier,rosh_chodesh,0
upper_avon_river,nomia_melanderi,0
gombrowicz,copper_color,0
laudableness,erewhon,0
air_force_academy,dowager's_hump,0
kippered_herring,biocatalyst,0
sleepwear,genus_tagetes,0
electric_heater,basal_metabolism,0
hirer,abruptness,0
fall-board,broomweed,0
genus_liposcelis,karl_adolph_verner,0
indian_hemp,genus_bacillus,0
regaining,malus_angustifolia,0
perfluorocarbon,flash_memory,0
horizontal_stabiliser,tee,0
pilot_biscuit,venue,0
christopher_marlowe,cricetus_cricetus,0
abstinence,nyala,0
alcea,silt,0
loaning,block_grant,0
sanitary_condition,crapette,0
zoril,mujahideen,0
cohune-nut_oil,giant_squid,0
agama,water_cooler,0
kb,chirocephalus,0
tam,groundberry,0
fargo,asperger's_syndrome,0
headrest,stenopelmatidae,0
reagent,copybook,0
saale_river,order_auriculariales,0
prince_fumimaro_konoe,julia_evelina_smith,0
jinx,naemorhedus,0
epicurus,tomato,0
coccoidea,american_green_toad,0
astronautics,self-accusation,0
40,chairman,0
stoic,ella_fitzgerald,0
gaillardia_pulchella,governor_plum,0
lead,dada,0
manna_from_heaven,gigo,0
common_morning_glory,matrix_algebra,0
building,edna_saint_vincent_millay,0
yobibit,barking_deer,0
canulization,dunce's_cap,0
mosaic_gold,trichloroacetic_acid,0
pyle,drab,0
closed_interval,tool_kit,0
old_norse,superposition,0
bumper,tonguing_and_grooving_plane,0
crotaphion,dearie,0
gumweed,ovis_vignei,0
succeeder,throwaway,0
desert_sand_verbena,muriel_spark,0
family_roccellaceae,chelifer_cancroides,0
radiation_therapy,time_of_arrival,0
capricorn_the_goat,asymptote,0
broil,william_faulkner,0
cardiologist,class_lamellibranchia,0
bridget,houyhnhnm,0
stroke_play,triglidae,0
oblique,ph_scale,0
cutworm,radiation_therapy,0
family_commelinaceae,gentiana,0
labyrinth_of_minos,cushat,0
krishnaism,rhinoscopy,0
penstemon,dimorphotheca,0
expediency,saltwater,0
wop,aphanite,0
max,lustrum,0
american_labor_party,musculus_sartorius,0
genus_coprinus,fracture,0
meshwork,spanish_broom,0
sonora,beefcake,0
vector_algebra,mum,0
savara,decadency,0
zoology,convexness,0
soymilk,populus_nigra_italica,0
yorkshire_terrier,cordaitaceae,0
automat,nitrostat,0
cynomys_gunnisoni,running_shoe,0
rock_gunnel,lowell_jackson_thomas,0
high-water_mark,investigating,0
ask_jeeves,tool-and-die_work,0
mahuang,airspace,0
cautery,phillidae,0
omphalotus_illudens,bunker,0
agamid,horse-drawn_vehicle,0
blancmange,cornhusker_state,0
analecta,raccoon_dog,0
puff,transit_zone,0
orchidalgia,order_pediculati,0
meteorology,tylenol,0
english_teacher,ulmus_pumila,0
mullet,scarlet_maple,0
conessi,vena_hepatica,0
contestant,sphecoidea,0
nestorianism,drop-off_charge,0
fishpaste,clickety-click,0
radial_asymmetry,electronics,0
headlight,biotite,0
albatrellus_ovinus,sheetrock,0
adam's_needle-and-thread,geophilomorpha,0
family_combretaceae,rubus,0
nonresistance,fanny_pack,0
pretermission,arms-runner,0
sump_pump,ground_zero,0
table_tilting,cushing,0
carambola,amateurishness,0
progressive_emphysematous_necrosis,levulose,0
background,inexpensiveness,0
heat_content,balsa_wood,0
gas_oil,amygdalus_communis,0
spotted_ray,america,0
natta,spondylitis,0
adsorbate,henry_m._robert,0
metrology,vaccinia_gangrenosa,0
protraction,pinko,0
tap_dancing,motorcycling,0
conductor,transsexual_surgery,0
ricardo,government_officials,0
demoniac,aqueous_humor,0
lake,teuton,0
moose,arts_and_crafts,0
olympian_zeus,lee_de_forest,0
aeschynanthus,fallout,0
gravitational_force,eggplant,0
lateral_geniculate,aristocracy,0
lepiota_morgani,mailboat,0
pacific_time,rhyacotriton_olympicus,0
muster_call,umbrella_magnolia,0
soft_touch,drawknife,0
tyrant_bird,coiner,0
etude,whatchamacallit,0
criminal_law,dawson's_encephalitis,0
compass_saw,eumops,0
struthiomimus,red_kauri,0
plica,plantaginaceae,0
one-night_stand,portable_computer,0
electromyograph,line_of_march,0
missy,kaochlor,0
rhodymeniaceae,genus_corydalis,0
day_shift,sapsago,0
manhattan_project,genus_buchloe,0
bend_dexter,cookfire,0
chinese_magnolia,sorbus_domestica,0
anemone_tetonensis,river_arno,0
bugbear,rush_family,0
oral_communication,paye,0
sba,order_chiroptera,0
genus_dacelo,encephalitis,0
billing,teargas,0
slovenia,quadriceps_femoris,0
crataegus_marshallii,setubal,0
cloven_hoof,bombacaceae,0
labyrinthodont,roundup,0
third_person,tesla_coil,0
fall_cankerworm,endamoeba,0
school_paper,prosom,0
anchovy_dressing,duff,0
doh,innocent_xi,0
wild_raspberry,mosquito_fern,0
chimneypot,reaction-propulsion_engine,0
double-crosser,costus_oil,0
tailpipe,indigenousness,0
arteria_ciliaris,family_syngnathidae,0
habenaria_leucophaea,uncertainty,0
coriandrum,cosimo_de_medici,0
world_war_2,tallow_oil,0
hermann_hesse,family_scolopacidae,0
ajaia,genus_erysimum,0
whirl,tool,0
village,nearsightedness,0
turnover,wyat,0
family_ichneumonidae,uppercut,0
fishhook,family_zingiberaceae,0
dickey-seat,tawny_owl,0
atlantic_moonfish,upbeat,0
genus_alopecurus,pertness,0
recurvirostridae,hyla_crucifer,0
soldering_iron,blood_transfusion,0
squinter,variola_major_virus,0
church_calendar,lactase,0
wastefulness,elephant_tree,0
echinochloa_frumentacea,veadar,0
lamination,eye_infection,0
thoracic_outlet_syndrome,notoryctus,0
novillero,planter's_punch,0
atomic_number_70,potential_divider,0
antic,genus_psetta,0
bullock_heart,revised_version,0
ezed,santee_sioux,0
concentrated_fire,long_jump,0
principle,seta,0
clarinettist,bootblack,0
papilionoideae,dead_person,0
titration,spherical_triangle,0
theodore_dreiser,melilot,0
pigment,international_nautical_mile,0
ballpark,pachysandra,0
pot_cheese,ziegfeld_follies,0
freelance,puccinia,0
kansas_river,co-op,0
bligh,big_h,0
instrumentalist,family_callithricidae,0
kayak,bridge_partner,0
croquet_ball,dreamer,0
marcello_malpighi,white_aspen,0
idle_pulley,carouser,0
haircare,half_crown,0
genus_acris,alternative_birthing,0
picturing,oystercatcher,0
cosmic_microwave_background,kapeika,0
bennington,mepacrine,0
john_smith,strawberry_ice_cream,0
information_theory,squalus_suckleyi,0
rye_ergot,braid,0
fasciolopsiasis,atomic_physics,0
border_patrol,adam's_apple,0
notropis,tourtiere,0
mummery,impacted_fracture,0
battle_of_the_philippine_sea,manoeuvrer,0
george_orwell,tulip_orchid,0
slave_driver,pugin,0
lake_tana,gallirallus,0
amati,united_states_trade_representative,0
kicksorter,palaquium,0
undependability,parotid_gland,0
meniere's_disease,consulate,0
masculine,skywalk,0
erythropoietin,genus_hippeastrum,0
telomere,manufacturing,0
entoparasite,charter_member,0
episiotomy,ballast_resistor,0
rethink,genus_haematobia,0
family_alopiidae,prunus_pensylvanica,0
vichyssoise,antiballistic_missile,0
adenylic_acid,gust,0
vinyl,meadow_bright,0
pes,railing,0
quarter_stock,rock_of_gibraltar,0
tissue_paper,marsh_elder,0
holy_oil,genus_marattia,0
esprit_de_corps,cercidiphyllum,0
penuriousness,deciliter,0
sedative,robaxin,0
command_key,exocet,0
genus_gerbera,tideland,0
effortlessness,donatism,0
jewry,breakfast,0
ceftazidime,company_name,0
nag_hammadi,havelock,0
recruiting-sergeant,cobalt_bloom,0
eucarya_acuminata,drainboard,0
lyons,thunder_mug,0
zloty,night_latch,0
gusto,cloakmaker,0
scanner,protea,0
newton's_first_law_of_motion,sidonie-gabrielle_claudine_colette,0
duodecimal_digit,dishwashing_machine,0
triticum_spelta,parthia,0
united_front,gros_ventre,0
black_hills,metal_wood,0
confederate_jasmine,puffinus_puffinus,0
jumping_bean,anna_pavlova,0
hockey_clinic,semilunar_cartilage,0
genus_nierembergia,primary_cell,0
spider_monkey,pasang,0
uke,bastard_pennyroyal,0
ding-dong,otitis,0
abkhas,neutrino,0
distilled_water,minute_of_arc,0
power_loom,district_attorney,0
mocking_thrush,nycturia,0
rabbet,benjamin_franklin,0
chemical_bomb,baal_merodach,0
brainiac,weird_sister,0
tumor_necrosis_factor,multistage_rocket,0
quartz_mill,towel_rack,0
striate_cortex,electronic_jamming,0
nail_varnish,halacha,0
negativist,furlong,0
passel,swan-flower,0
freewoman,horta,0
chicken_run,epacris_impressa,0
subdivision_cycadophytina,american_aloe,0
investors_club,immensity,0
rabi_i,smell,0
power_politics,family_bathyergidae,0
newmarket,pine_lily,0
mal_de_mer,television_newscaster,0
microcephalus,lessing,0
wassily_leontief,genus_raphus,0
vulgar_latin,toilet_tissue,0
otc_stock,plateletpheresis,0
diopter,musical_style,0
medical_assistant,snack_bar,0
monopolist,gable_roof,0
strategian,highway_engineer,0
abatable_nuisance,head_ache,0
genus_grammatophyllum,indian_chieftain,0
succubus,rh_positive,0
hectometre,film_festival,0
powys,hackle,0
pigs'_knuckles,betel_nut,0
hermit_thrush,pains,0
alexandre_emile_jean_yersin,potential,0
international_organisation,eucalyptus_viminalis,0
smallpox,genus_gynura,0
eacles,crocus,0
pinniped,decision_making,0
common_duckweed,berra,0
contravention,adenota_vardoni,0
erb's_palsy,pliancy,0
laurel_family,karol_wojtyla,0
particulate_matter,swastika,0
landing_flap,cycadophytina,0
viand,macao_monetary_unit,0
newspaperwoman,theist,0
resiliency,counterbore,0
dominican,ozone_hole,0
substation,kiss,0
television_monitor,caledonian_canal,0
arteria_alveolaris,subphylum_tunicata,0
cheesecloth,ugric,0
deportation,barents_sea,0
backstay,peach-wood,0
ethylene,surgeon,0
photographer,monocanthus,0
electrical_contact,plectorrhiza,0
prunus_caroliniana,erica_tetralix,0
congratulation,try-on,0
marquise_de_pompadour,p.o.,0
vena_sublingualis,aberrance,0
pickett,gestalt_psychology,0
modest_mussorgsky,construction,0
yogi,eatable,0
suction,second_epistle_to_timothy,0
rose_chestnut,aperient,0
associative_aphasia,red_light,0
urophycis,red_ink,0
bushel,shifting,0
dusky_shark,bod,0
linear_operator,broadax,0
family_sphaerobolaceae,medical_extern,0
regiomontanus,poriferan,0
eleusine_indica,vocative,0
warsaw,mercury-in-glass_clinical_thermometer,0
rotor,atlantic_cod,0
articulated_lorry,lycoperdon,0
skew_correlation,bluegrass_country,0
german_chamomile,child_neglect,0
american_bog_asphodel,playscript,0
aldehyde,gypsywort,0
orontium,life_science,0
rau-sed,blastodermic_vessicle,0
ringworm_cassia,syphilis,0
vasodilative,beef_patty,0
choreic_abasia,nystatin,0
nauruan,rhizopoda,0
confidence,arnold-chiari_deformity,0
cussedness,greenbottle,0
bird_fancier,good_looks,0
genus_erignathus,deltoid_muscle,0
genus_numida,genus_nestor,0
metabolite,benedict,0
maltese_terrier,sin,0
contrail,judgement_of_dismissal,0
gunrunner,genus_silurus,0
chocolate_chip_cookie,conductress,0
secular,ilex_cornuta,0
cephalothin,india,0
rhesus,dairyman,0
cosmea,william_of_occam,0
coelenterate_family,francis_bacon,0
angelo_guiseppe_roncalli,berlin_airlift,0
nailfile,genus_basiliscus,0
hadrosauridae,chorizo,0
ploceus,blighia_sapida,0
course_of_action,patras,0
periapsis,slack,0
ozothamnus_secundiflorus,rolling_paper,0
sea_snake,fetology,0
harmonic_motion,abelmoschus_moschatus,0
bacterial_toxin,anesthetic_agent,0
genus_alocasia,inking_pad,0
parenthesis-free_notation,barium_sulfate,0
banian,genus_neurospora,0
schooling,jumpstart,0
rhabdosarcoma,czerny,0
loire,peacock_ore,0
croft,song_sparrow,0
cross_street,genus_pyrocephalus,0
western_pipistrel,tomato,0
carpodacus,preconception,0
peromyscus,populus_tremula,0
odontoceti,sourdine,0
three-fourths,roughness,0
sterna,genus_brodiaea,0
sportfishing,pumpernickel,0
elementary_geometry,melanotis_caerulescens,0
distorted_shape,brevoortia_tyrannis,0
metabolic_alkalosis,andreas_vesalius,0
nosegay,longan,0
assurbanipal,musculospiral_nerve,0
conditioned_avoidance_response,hutment,0
otherness,battle-axe,0
death_duty,vesuvianite,0
grower,propanoic_acid,0
hemstitching,oil_palm,0
red_spider,david_o._selznick,0
witness_box,hungriness,0
bedroom_set,boletus_pallidus,0
bricklaying,middle_school,0
helleborus,rhizophora_mangle,0
au_pair_girl,genus_eleusine,0
phon,pure_gold,0
russian_monetary_unit,very_low_frequency,0
ovarian_vein,clethra,0
erianthus_ravennae,percussor,0
atomic_theory,pleochroism,0
niobrara,physalis_pubescens,0
warmer,genus_polybotrya,0
roman_print,arithmancy,0
defense_contractor,family_embiotocidae,0
sen,lav,0
field_bindweed,diurnal_variation,0
muscular_structure,nephew,0
primary_syphilis,score_paper,0
leukoencephalitis,bassoonist,0
walrus_moustache,ringworm_shrub,0
genus_verbena,autumn_sneezeweed,0
flexure,horner's_syndrome,0
momma,bowling_shoe,0
propoxyphene_hydrochloride,ecological_terrorism,0
book_of_ezra,winter_savory,0
moaner,hound's-tongue,0
cebus,ramrod,0
genus_molva,timolol,0
pembroke,water-colour,0
plasmapheresis,disillusion,0
feticide,short-horned_grasshopper,0
st._barbara's_herb,mosaic,0
wood_ant,coagulum,0
burrfish,portsmouth,0
genus_chilopsis,musculus_biceps_brachii,0
department_of_state,checkers,0
mental_process,bastard_ridley,0
character_set,european_white_birch,0
mite,penman,0
genus_certhia,annamite,0
prepositional_object,analysand,0
genus_botrychium,capitol_reef_national_park,0
eiffel_tower,lucilia,0
diodon_hystrix,co-option,0
paganini,ahriman,0
fusanus_acuminatus,covariance,0
genus_majorana,boogie,0
fomite,outrigger_canoe,0
common_hops,concave_polygon,0
hotchpotch,4to,0
pinecone,rat_typhus,0
readying,long_moss,0
mahratti,n-type_semiconductor,0
genus_mastodon,lapsing,0
judicial_proceeding,byzant,0
eye_opener,past_perfect_tense,0
24/7,ethanoic_acid,0
mallee_fowl,vanessa,0
magistrature,president_john_quincy_adams,0
west_berlin,dab,0
profundity,lactuca_sativa_capitata,0
refractory_pot,subcompact,0
lyndon_baines_johnson,kingdom_come,0
animal-worship,stephen_decatur,0
word_finder,entering,0
babbling,garcia_lorca,0
house_of_worship,geomancer,0
logical_thinking,astronomical_telescope,0
viola,dithered_colour,0
woadwaxen,roman_legion,0
capital_of_the_united_kingdom,george_sand,0
unilateralism,standardization,0
bermudian,fibrinase,0
shotgun,pa.,0
poppycock,notonecta,0
hubbard_squash,banning-order,0
joker,genus_cistus,0
butt_welding,teaching_fellow,0
dog_collar,binary_digit,0
psa,cyclodestructive_surgery,0
stomate,garullus_garullus,0
vitus_bering,fbi,0
family_balaenicipitidae,party_of_democratic_kampuchea,0
communications_technology,gres-gris,0
bugologist,canoeist,0
british_west_africa,numen,0
quadrate,edward_vi,0
bipolar_disorder,pascha,0
rugelach,polypodiales,0
blood_vessel,sir_james_matthew_barrie,0
parallel,wotan,0
bull_shark,everest,0
half_hatchet,anion,0
xtc,feedback_circuit,0
overshoe,pappataci_fever,0
kiwi,spread_head,0
genus_allosaurus,filibusterer,0
amylase,newfoundland,0
honduran_capital,john_anthony_ciardi,0
dicamptodontidae,security_consultant,0
lashkar-e-jhangvi,complication,0
vacuum_pump,piece_of_cloth,0
holy_saturday,pimento_butter,0
louis_agassiz,mardi_gras,0
military_blockade,white_cedar,0
spanish-american_war,twopence,0
hard_water,thurifer,0
piranga_flava_hepatica,mugho_pine,0
coral_root,column_inch,0
spar_buoy,kiosk,0
clapperboard,decadency,0
edmund_kean,langbeinite,0
closed_fracture,sheepshead,0
hitman,practice_teacher,0
bowfin,order_coleoptera,0
accipitriformes,public_utility,0
cleavers,oedipus_rex,0
dowel,bharat,0
quarterback,belmont_park,0
limenitis_archippus,australian_arowana,0
catarrhal_fever,larvicide,0
grand_larceny,scartella_cristata,0
soybean,tovarisch,0
priesthood,table_talk,0
headache_powder,cholera,0
perfective,manufacturing_plant,0
fall,common_snowberry,0
beta_globulin,ledger_entry,0
courtyard,cobalt_60,0
william_rufus,trolley_line,0
thumbtack,mikolaj_kopernik,0
off-line_equipment,overpopulation,0
biosynthesis,multichannel_recorder,0
balarama,chemistry_lab,0
cestida,elliptic_leaf,0
seventh_chord,southern_porgy,0
alben_barkley,corrugation,0
essentiality,sundanese,0
glow_tube,caesalpinia_pulcherrima,0
boann,moth_plant,0
gallant_fox,genus_xylopia,0
gdansk,loasa_family,0
salk_vaccine,sunken_garden,0
minister_of_finance,bean_weevil,0
overpayment,genus_loligo,0
spassky,digitiser,0
scleropages_leichardti,podocarp,0
cornmeal,mailing_list,0
vinifera,genus_isurus,0
bush_pea,kymograph,0
genus_galictis,virginia_waterleaf,0
taichichuan,ceratosaurus,0
pyroxene,drepanis,0
ralph_barton_perry,crew_neckline,0
real_estate_agent,atomic_number_91,0
cave_bat,mycelia_sterilia,0
thunbergia_alata,hodometer,0
hedera,mustard_family,0
gelt,thirst_for_knowledge,0
transport,desmodium,0
arizona_cypress,disaster_area,0
ethelred_ii,panorpidae,0
asclepias_meadii,chin_wagging,0
clinopodium,anorgasmia,0
cenogenesis,hurt,0
kitchen_stove,shiver,0
benedict_de_spinoza,sports_section,0
third-rater,foreign_terrorist_organization,0
stoneface,inachis_io,0
gran_casa,william_faulkner,0
vespidae,turgot,0
natural_gas,ecclesiastical_mode,0
rocky_mountain_sheep,dialectical_materialism,0
full_point,bolo_knife,0
wedding_guest,pineal_eye,0
pistachio_nut,ft,0
root_climber,manchester,0
foxtail_millet,costal_cartilage,0
spinning,risibility,0
lexicologist,depreciation_rate,0
gabor,mental_strain,0
downtick,emmy_noether,0
mexican_husk_tomato,big_bucks,0
usacil,blackbody_radiation,0
salt_pork,family_arecaceae,0
johann_ludwig_uhland,reverse_osmosis,0
atomic_number_113,musculus_teres_minor,0
sebaceous_cyst,vulgar_latin,0
pied-billed_grebe,anthonomus_grandis,0
english_ryegrass,psychiatrist,0
dacrydium,parsi,0
lavatera,duplicator,0
outwork,bigwig,0
anhimidae,hercules'-clubs,0
moussorgsky,clockwork,0
finalization,kia_quen,0
white-throated_sparrow,bracket,0
richard_adolph_zsigmondy,iraki,0
balkan_mountains,civil_censorship,0
gravida_iii,keratosis,0
impeachment,mugging,0
casuistry,spite,0
christmas_rose,third_cranial_nerve,0
exclamation_point,felt-tip_pen,0
salisbury,genus_dactylopius,0
djakarta,jean_baptiste_camille_corot,0
anser_anser,high_relief,0
dubbing,os_capitatum,0
tote,good_nature,0
fertilized_egg,brass_monkey,0
thread_maker,ceterach_officinarum,0
battle_of_valmy,quadruple_time,0
portal_system,mountain_rimu,0
handkerchief,neutron,0
ophthalmoplegia,slam_dance,0
petrarca,downshift,0
archeobacteria,featherweight,0
capital_of_argentina,cyma_recta,0
plane,blood_lily,0
chateura_pelagica,masonite,0
popularism,tayalic,0
morning_room,telegnosis,0
youth_culture,capital_of_austria,0
gaea,antiseptic,0
castling,tiger_shark,0
kimberley,building_supply_house,0
corncrake,disconcertion,0
deaf-mutism,singleton,0
gas_maser,harpia,0
american_samoa,scouring_pad,0
cochlearius,sidewinder,0
yoghurt,socialite,0
corypha_utan,aram_kachaturian,0
genus_sideritis,overstuffed_chair,0
george_dibdin_pitt,asio,0
age_norm,batter_bread,0
sheet_iron,inosculation,0
zanthoxylum_fraxineum,second_cranial_nerve,0
paul_bunyan,virginian_witch_hazel,0
maturity_date,ghatti_gum,0
john_hanning_speke,horse_radish,0
lincolnshire,rhubarb_pie,0
piedmont_type_of_glacier,trichobezoar,0
classical_scholar,chemical_equilibrium,0
ketoacidosis-resistant_diabetes,colloquium,0
jewish_rye,cologne_water,0
merovingian,myxedema,0
frozen_foods,orientalist,0
milometer,countrywoman,0
bar_sinister,os_lunatum,0
turkish_boxwood,high-speed_steel,0
soap_tree,oligo,0
he,natation,0
mounter,lenience,0
diesinker,trotskyism,0
salt_ii,home_court,0
thermotherapy,laparoscopy,0
matcher,ironwork,0
word_sense,piscidia_piscipula,0
puffin,mafioso,0
genus_ayapana,inmarriage,0
airpost,hamelin,0
scarlet_oak,maidenhood,0
genus_quercus,giant_stock_bean,0
class_asteroidea,great_falls,0
maya_lin,avicenniaceae,0
bernhardt,family_myrmeleontidae,0
mynah,calculus_of_variations,0
capital_of_moldova,tortricid_moth,0
torch_race,teodor_josef_konrad_korzeniowski,0
matzoh_meal,topsoil,0
rite,invisibility,0
iz_al-din_al-qassam_battalions,chinaberry_tree,0
carbamate,churchyard,0
omission,family_argonautidae,0
shim,candlestick,0
echinoderm_family,paralysis_agitans,0
good-king-henry,luminal,0
animal_trainer,doze,0
alopecurus_pratensis,terry_towel,0
second_estate,dura_mater,0
nubia,sitwell,0
inborn_error_of_metabolism,cytoarchitectonics,0
tampico,romaine_lettuce,0
shepherdess,third_party,0
us_fish_and_wildlife_service,patty_shell,0
u._s._army_special_forces,easter,0
groundnut_oil,euclid's_fifth_axiom,0
cryptogamia,salesroom,0
clay_pigeon,heartleaf_manzanita,0
stictopelia,vladimir_nabokov,0
bida,procyon_lotor,0
chionochloa_conspicua,featheriness,0
underlip,phyllorhynchus,0
cottar,tenderizer,0
iron_duke,benzoyl_peroxide,0
low_sunday,john_fitzgerald_kennedy,0
chiococca_alba,psephology,0
straight_line,fourth_ventricle,0
microcode,malabar_kino,0
painted-leaf_begonia,stool_test,0
sanhedrin,outrageousness,0
trichloride,television_transmitter,0
hoagie,edible,0
megrim,clip-clop,0
full_treatment,hall_of_residence,0
pug_nose,psychosis,0
water_caltrop,family_business,0
luminance_unit,dasypus,0
richard_rodgers,takahe,0
spiraea,work,0
class_actinozoa,oven_stuffer_roaster,0
surgeon_general,laager,0
numskull,tussilago_farfara,0
fleur-de-lys,trunk_road,0
electrical_contact,silver-bell_tree,0
rochambeau,pediculus_corporis,0
stonehenge,genus_coregonus,0
firkin,gong,0
panderer,deregulation,0
stagecraft,iconoclasm,0
generousness,gay-lussac,0
demythologisation,extinction_angle,0
r,pun,0
razzle-dazzle,a_horizon,0
genus_merops,autocoid,0
wall,rite,0
oxyopia,apothegm,0
sarcasm,shadberry,0
finland,genus_chloranthus,0
caravanning,wheel_lock,0
red_wine,alaska_native,0
ethnography,flatcar,0
retrenchment,turret,0
islamic_jihad,pursuer,0
mt._ararat,dexamethasone_intensol,0
family_tenthredinidae,coordination_compound,0
paul_johannes_tillich,magnetic_storage_medium,0
acaracide,maidism,0
dogshit,japanese_chess,0
tameness,caterpillar_tread,0
republic_of_zambia,maia,0
reduction_gear,colorado_river,0
moustache,moral_philosophy,0
tilia,floozie,0
allen_stewart_konigsberg,sofa,0
chickenshit,12-tone_system,0
knee_pants,expressive_aphasia,0
tights,grappling_hook,0
charnel,jr,0
junkyard,flavin,0
ho,electrical_device,0
precious_metal,onychium,0
cimicifuga_americana,lemuroidea,0
albizia_julibrissin,courtliness,0
roe_deer,intermediate_wheatgrass,0
cazique,rajanya,0
snake_fern,eupatorium_maculatum,0
primary_winding,chaplet,0
shrub,manchester_terrier,0
kobe,gwydion,0
graviton,nitta_tree,0
habenaria_hookeri,commercial_loan,0
possum_oak,microeconomist,0
leading_lady,childbed,0
hydrocarbon,bletilla,0
polar_star,moderate,0
milky_way_system,allegro_con_spirito,0
rabbit_burrow,a_cappella_singing,0
talus,nitella,0
postcard,hotelman,0
casque,lake_duck,0
lecturing,slop_basin,0
butcherbird,hexagrammos_decagrammus,0
callas,broom_palm,0
salon,branchial_cleft,0
isabella,indolebutyric_acid,0
misdirection,pius_ix,0
dichromacy,zilch,0
sleeping_tablet,polling_station,0
beecher,villoma,0
field_line,climbing_nightshade,0
chloramphenicol,boccie_ball,0
squabbler,chlorophyll,0
tulostomaceae,awning,0
third_dimension,physiological_psychology,0
gun_muzzle,atharva-veda,0
jutland,abradant,0
clippety-clop,platycerium_andinum,0
cotoneaster_dammeri,seismography,0
crystal_detector,rhine_wine,0
cotyledon,scarlet_bugler,0
l._m._montgomery,coyness,0
atomic_number_34,naboom,0
serving,genus_polybotrya,0
statutory_law,exhibitor,0
bison,geneticism,0
capital_of_austria,hip_tile,0
home_run,surinam,0
gaming,thermopsis,0
creosote_bush,aerosol_container,0
nervus_glossopharyngeus,pterocarpus_santalinus,0
horace_greeley,kiwi_fruit,0
military_training,castigation,0
sir_joseph_banks,weil's_disease,0
ginkgo_biloba,prickly_custard_apple,0
stockpiling,suborder_eurylaimi,0
konrad_lorenz,etiolation,0
nonspecific_urethritis,niccolo_paganini,0
rock_kangaroo,general_relativity,0
cyamopsis_psoraloides,heuristic_rule,0
simmer,telephone_box,0
shag_rug,security_measure,0
pylon,baryta,0
hairline,genus_turreae,0
master_sergeant,curvilinear_correlation,0
leonberg,megaloblastic_anaemia,0
cardium_edule,tonic_key,0
hybridisation,transverse_process,0
barents_sea,cobitidae,0
indian_rat_snake,matrix_addition,0
glenoid_fossa,travel_bargain,0
copper_nose,point_duty,0
beauty,phytology,0
cardinal_virtue,wheeler,0
enantiomorph,alkyne,0
leycesteria,law-breaking,0
chinchilla_laniger,knave,0
mammee,rake,0
bloch,french_bean,0
larix_occidentalis,yellow-bellied_sapsucker,0
scandinavian_peninsula,genus_crambe,0
patrisib,genus_meryta,0
cam_stroke,sandril,0
urge_incontinence,ctc,0
perambulator,luggage,0
rooming_house,spiritualist,0
verve,immunologist,0
pituitary,family_taeniidae,0
clothes_tree,stupe,0
arminianism,stereoscope,0
nuclear_fuel,petunia_axillaris,0
chloroxylon,acoustic,0
parapet,strangler,0
dressing_down,covariation,0
heedlessness,debtor,0
genetic_profiling,canine,0
muntiacus,juror,0
phytochemist,genus_glaucomys,0
elias_howe,outreach,0
sewing-machine_stitch,attar,0
houseroom,little_rock,0
coral-wood,atomic_number_15,0
hottentot,atmospheric_condition,0
archaebacteria,selene_vomer,0
hollo,baptismal_name,0
sextette,shooting_iron,0
uncomfortableness,mayapple,0
magical_power,levis,0
compiling,cabbala,0
owl,moulin,0
acrocomia_vinifera,refresher_course,0
black_vernacular_english,kwa,0
turnstone,side_street,0
lingua,heads-up,0
hydnocarpus_oil,mawkishness,0
mortar,cone,0
common_moonseed,class_monocotyledones,0
butterfield,carboxymethyl_cellulose,0
cornel,genus_foeniculum,0
siouan,anorectic,0
metaplastic_anaemia,emeritus,0
tribromoethanol,sarda_sarda,0
cheerio,ayrshire,0
concealment,solvay,0
altogether,independent,0
conventionality,dorylinae,0
phototropism,olearia_haastii,0
sedge_family,luteinizing_hormone,0
jennet,row_of_bricks,0
ho_chi_minh,familiarization,0
swertia,church_bench,0
canola,pocahontas,0
common_touch,exaeretodon,0
tonegawa_susumu,family_lampyridae,0
blind_staggers,veteran_soldier,0
limnobium,fin_keel,0
margaret_thatcher,mercaptopurine,0
goggle_box,potation,0
slanguage,vitamin_a1,0
placenta,comedian,0
capital_expenditure,jack-by-the-hedge,0
thammuz,setaria,0
mail_boat,narcosis,0
electrical_healing,melvin_calvin,0
suborder_lemuroidea,parabolic_geometry,0
pyxidanthera,imide,0
immensity,genus_salmo,0
libritabs,virginia_mcmath,0
wencher,venous_blood,0
bitterwood,road_show,0
jorge_mario_pedro_vargas_llosa,atlantic,0
day_nursery,holocaust,0
genus_mobula,clutter,0
cistothorus_platensis,limulidae,0
pennisetum,patrisib,0
apotheosis,zwieback,0
richard_august_carl_emil_erlenmeyer,tsine,0
jan_van_eyck,parking_meter,0
riemann,andersen,0
anton_grigorevich_rubinstein,friendly_relationship,0
family_psilophytaceae,sild,0
practice_of_medicine,occupation_licence,0
genus_oligoporus,family_helotiaceae,0
hara-kiri,adp_system,0
drug_cartel,silk_hat,0
barthelme,betatron,0
peplus,asexual_reproduction,0
frank_stella,meriones,0
dubbing,socage,0
bitmap,lobefin,0
rhus_glabra,whereabouts,0
western_red-backed_salamander,impassivity,0
dictyopterous_insect,gentlewoman,0
piranga_flava_hepatica,lederhosen,0
shove-ha'penny,anapsida,0
piano_action,vanguards_of_conquest,0
unseen,sermoniser,0
azadirachta_indica,neutralism,0
vapidness,turning_away,0
food_shop,praying_mantid,0
x-ray_therapy,prying,0
bits_per_second,physicalism,0
czerny,loudspeaker,0
demander,infix_notation,0
femoris,arc_cosine,0
marabou_stork,polymerization,0
genus_crataegus,statute_title,0
church_of_ireland,simple_leaf,0
indian_senna,bufo_viridis,0
rattle-top,branch,0
folk_singer,walt_whitman_bridge,0
jap,decentralization,0
hessonite,gross_margin,0
flash_flood,rheology,0
career,whitehead,0
methylphenidate,periwig,0
splutter,vena_mesenterica,0
peripatetic,evening_lychnis,0
tantaliser,genus_carya,0
alcohol_abuse,ipomoea_nil,0
gumma,mercury_thermometer,0
new_world_porcupine,sedum_telephium,0
finding_of_fact,behmenism,0
mistletoe_cactus,genus_hazardia,0
differential_diagnosis,lidocaine,0
toy_box,spark_chamber,0
bahasa_indonesia,marut,0
halocarbon,west_berliner,0
genus_myxocephalus,punch_bowl,0
dipteran,port_sudan,0
cheddar_pink,thioguanine,0
packaged_goods,hock-joint,0
tartar,genus_ensete,0
lumbosacral_plexus,cellular_telephone,0
hyphenation,veal_roast,0
english_muffin,propellent,0
polyhidrosis,kilometer,0
redberry,platystemon,0
lacrimal_duct,electronic_dictionary,0
mottle,carolina,0
oculomotor,chenopodiaceae,0
native_fuchsia,genus_orchestia,0
neighbor,genyonemus,0
grazing_land,knuckle_joint,0
aquatic_plant,deportee,0
pilot_chart,rogue_elephant,0
football_helmet,gestalt_principle_of_organization,0
basement,deadness,0
schoolteacher,chapter,0
prince_klemens_wenzel_nepomuk_lothar_von_metternich,luo,0
ascospore,sphenoid_bone,0
oncovin,ultrasuede,0
girl_wonder,flowchart,0
halfbeak,feast_of_tabernacles,0
glucagon,siltstone,0
chert,gospel_according_to_john,0
spotted_sandpiper,ganger,0
autogiro,corn_muffin,0
family_comatulidae,alfred_alistair_cooke,0
lamisil,ration,0
popularity,forward_pass,0
self-improvement,japanese_oak,0
suborner,peak_season,0
gallimaufry,excursionist,0
moneran,maggot,0
peter_abelard,tyrannus_vociferans,0
reform_judaism,bitter_principle,0
detribalization,rubia_cordifolia,0
kelantan,rhyncostylis,0
megillah,automatic_firearm,0
land_office,channelization,0
class_monocotyledonae,alcedinidae,0
scaphopoda,heathland,0
combtooth_blenny,security_system,0
vulgarisation,sidetrack,0
family_sialidae,anisette_de_bordeaux,0
wester,stopwatch,0
yachtswoman,advertizing,0
rubicon,task_force,0
party_to_the_action,emerald_creeper,0
vicugna_vicugna,cultivated_carrot,0
decimalisation,historic_period,0
carolina_buckthorn,descensus,0
placeman,iww,0
mozambique_monetary_unit,steeplechase,0
war_widow,trimming_capacitor,0
diastrophism,pterygoid_plexus,0
fusillade,drumhead,0
dolichotis_patagonum,viverrine,0
genus_sardina,bidet,0
munjuk,pseudechis,0
ambiguity,tailed_frog,0
mad-dog_weed,herman,0
research,loadstone,0
mouse_hare,lucidity,0
pteridologist,cordaitales,0
diatribe,checkerbloom,0
semitrailer,moneymaker,0
nympho,karma,0
country_and_western,word-worship,0
east_midland,skittle_alley,0
jerusalem_artichoke,benthic_division,0
dandle_board,mountain_cranberry,0
takeaway,personal_care,0
bemidji,cytokinin,0
motorisation,genus_cacicus,0
johannesburg,ketose,0
worcester,escape_hatch,0
chargeman,mym,0
moneron,grand_slam,0
photoemission,william_dawes,0
crevalle_jack,family_streptomycetaceae,0
racerunner,alpha_geminorum,0
iop,penetrator,0
growth_hormone-releasing_factor,degree_program,0
luxation,dove,0
mandevilla_laxa,eusebius,0
vinegar_joe_stilwell,morrigan,0
spelling,drumbeat,0
basal_placentation,scalar_product,0
flying_dutchman,frijoles_refritos,0
alamo,the_absurd,0
genus_dermatobia,open-face_sandwich,0
carotin,accompanying_vein,0
purkinje_fiber,poe,0
privet,haphazardness,0
micropogonias,law_of_conservation_of_energy,0
traveller's_joy,belly_whop,0
epitaxy,science_fiction,0
saute,gabble,0
fritillaria_liliaceae,spastic_abasia,0
time_signature,sharpener,0
family_tachyglossidae,whippersnapper,0
kiley,genus_leonotis,0
polymastigote,alkalizer,0
closed_curve,soporific,0
seminole,anabiosis,0
idle_pulley,pity,0
catholicon,salzburg,0
genus_acrobates,finger_scan,0
trinidadian,milk_river,0
slime_bacteria,vibrancy,0
lancelot,justinian,0
relative_clause,pyrenees_daisy,0
commerce,cereal,0
milne,togolese,0
octal_digit,defect_of_speech,0
genus_christella,onychium,0
animal_skin,tooth_shell,0
psyllid,american_quaking_aspen,0
hair's-breadth,liquidizer,0
dime_novel,copra_oil,0
whitethroat,genus_prionace,0
sand_cricket,lucidness,0
el_misti,garden_spade,0
anguillan,transubstantiation,0
self-annihilation,consent_decree,0
stink_fly,prostitution,0
medick,cassia_marginata,0
caitra,trojan,0
celesta,subordinateness,0
robert_louis_stevenson,home_study,0
film_projector,eugene_gladstone_o'neill,0
wood_anemone,pissing,0
grackle,anatolian_language,0
polity,family_tachyglossidae,0
leiophyllum,myrmecophyte,0
alley_cat,ler,0
sprites,taxidea_taxus,0
ammonium_ion,gift_tax,0
richard_the_lion-hearted,strelitzia_reginae,0
nascency,gram's_stain,0
tricuspid_valve,clyde_william_tombaugh,0
charles_evans_hughes,myroxylon_balsamum,0
wall_rue,impersonation,0
coachwhip_snake,sampling_rate,0
kinetic_theory,serratus_anterior,0
family_magnoliaceae,low-fat_diet,0
genus_trogium,kw,0
operator,genus_plectorrhiza,0
exogenous_depression,hydroxyzine_hydrochloride,0
eudemon,profit-and-loss_statement,0
bird's-eye_maple,battle_of_ipsus,0
ilya_ilich_metchnikov,orange_yellow,0
second_crusade,puritanism,0
pleasure_trip,vaccinium_angustifolium,0
limpness,time_exposure,0
procardia,four-wing_flying_fish,0
anthrax,qatari_monetary_unit,0
elocution,epidemic_roseola,0
an_nafud,half_hitch,0
filipino,six-lined_racerunner,0
burnouse,blessedness,0
genus_callicebus,white_russian,0
fumaric_acid,antigonus_cyclops,0
facilitator,distribution_law,0
yellow_flag,baa-lamb,0
surmullet,sahib,0
prunus_glandulosa,defacement,0
grus_americana,black_mallee,0
genus_carduus,attachment,0
emergency_medicine,alfred_hawthorne,0
ecumenism,dry-stone_wall,0
jug_wine,emigrant,0
keypad,lob,0
pyrometer,care,0
scholar,slack,0
nuclear_weapon,rhythm,0
os_pisiforme,stephanomeria_malheurensis,0
fad_diet,field_sandbur,0
dutch_guiana,conchfish,0
olive_ridley,constant_of_proportionality,0
loan_collection,contemplation,0
henri_becquerel,linemen,0
feather,bellows_fish,0
bimillennium,trampoline,0
placenta,anton_van_leeuwenhoek,0
cover_slip,titus_oates,0
aerophagia,virility_drug,0
fermium,superorder_acanthopterygii,0
yew_family,limeade,0
laurel_cherry,wonder,0
saccharin,musculus_serratus_posterior,0
atony,pholiota,0
barnstormer,genus_anguis,0
st._mary_magdalene,skysail,0
oedogoniaceae,physic_nut,0
eelpout,duplicate,0
portulacaceae,chabad-lubavitch,0
silver_screen,foxberry,0
registered_bond,japanese_ivy,0
multiprocessor,personal_identity,0
rhinobatidae,supremacist,0
yankee-doodle,zanzibar,0
ochoa,pyrola_minor,0
squall_line,synchronoscope,0
area_bombing,genus_dalea,0
male_aristocrat,brass,0
american_sweet_gum,bibliothec,0
clangula,goncourt,0
south_china_sea,roisterer,0
artium_baccalaurens,posterior_facial_vein,0
trombone_player,western_meadowlark,0
pilus,genus_echinacea,0
superfamily_coccoidea,swamp_rose_mallow,0
darmera,frisbee,0
electrical_contact,excitement,0
inverted_comma,endamoeba,0
kansu,armin,0
oligospermia,perceiver,0
common_lilac,amerigo_vespucci,0
sand_lance,jessica_mitford,0
personal_letter,thelonious_monk,0
regular_dodecahedron,lungi,0
bash,family_cercopidae,0
dairen,asclepias_meadii,0
haitian_creole,multiple,0
richard_lovelace,chinook_salmon,0
cape_jessamine,helminthostachys,0
garden_cress,flashback,0
hemiparasite,genus_kakatoe,0
valuator,chemiluminescence,0
watering_hole,adulterator,0
ladyfish,western_wall_flower,0
horatio_alger,coincidence,0
genus_berteroa,all_clear,0
eucalyptus_maculata,tarsus,0
genus_ictalurus,bee_killer,0
marcus_annius_verus,impala,0
intransitiveness,official,0
first_earl_of_orford,cathars,0
lieutenant_commander,ash-bin,0
capricorn,houghton,0
tijuana,talbot,0
eugene_curran_kelly,burning,0
clangor,patio,0
fast_of_esther,scientific_knowledge,0
mahound,john_duns_scotus,0
xanthosoma,order_entomophthorales,0
family_pinnotheridae,rotifer,0
purple_sage,rostov_na_donu,0
microseism,fiscal_year,0
decathlon,orthomyxovirus,0
tisha_b'av,st._maarten,0
fibula,dicranales,0
juke_house,fonda,0
drove_chisel,old-field_toadflax,0
vital_statistics,tenure,0
left_hander,antarctic_continent,0
danmark,bawler,0
family_tayassuidae,cholinesterase,0
squawk_box,breech_closer,0
russian_capital,st._peter_the_apostle,0
puebla_de_zaragoza,salicaceae,0
pedesis,solfege,0
secretary_of_state,acciaccatura,0
power_failure,lemna_minor,0
sliver,sicilian_pizza,0
distinctness,transferred_property,0
battle_of_kerbala,homing_pigeon,0
runic_letter,tamil_tigers,0
musca,suborder,0
stevens,entric,0
amalgamation,bearberry_willow,0
sapota,malinois,0
phoca,indonesian_monetary_unit,0
tagamet,jagganath,0
coordinating_conjunction,homespun,0
callisaurus,merckx,0
sackcloth_and_ashes,lutist,0
brier_patch,roy_chapman_andrews,0
newsboy,stagflation,0
gantanol,dec_24,0
genus_coelogyne,family_juncaginaceae,0
winery,censorship,0
petrification,sirius,0
stays,centaurea_scabiosa,0
family_gerrididae,coltsfoot,0
knife_pleat,genus_eriocaulon,0
gpo,genus_dombeya,0
umbellularia,bvd's,0
sir_harold_walter_kroto,capital_of_hungary,0
wilhelm_karl_grimm,bar_magnet,0
schistosome,asperula_odorata,0
equatorial_guinea,babysitting,0
riding_habit,gorgonocephalus,0
coruscation,freeing,0
ubermensch,show_card,0
switchman,haiti,0
alluvial_soil,diverticulosis,0
apricot_sauce,pump_well,0
rack_rent,genus_cryptotermes,0
cirsium_vulgare,icterus_galbula_bullockii,0
republic_of_the_congo,muskat,0
joel_chandler_harris,hypogastric_plexus,0
matterhorn,asian_horseshoe_crab,0
order_thymelaeales,coherence,0
pleasance,malosma_laurina,0
episperm,high_quality,0
polynemidae,biplane,0
withering,wormseed_mustard,0
ethernet_cable,cellulose_tape,0
towel_ring,water_ice,0
antigua,key_palm,0
range_finder,prowl_car,0
maquis,xanax,0
bryozoan,gluten,0
roman_building,testacea,0
loaf,affidavit,0
common_alder,military_adviser,0
babylonia,botaurus_lentiginosus,0
total_hysterectomy,pin,0
schoolmistress,fall_of_man,0
skunkweed,vulvitis,0
zoloft,mainsheet,0
islamophobia,chroma,0
national_aeronautics_and_space_administration,callicebus,0
mashie,delivery_boy,0
flat_panel_display,brahmaputra,0
tsoris,kobus,0
franco,bacteria_species,0
eluate,ribbon_snake,0
drabness,v-e_day,0
penstemon_palmeri,psychological_feature,0
purification,cingulate_gyrus,0
lowbrow,war_party,0
kyushu,ochnaceae,0
lighterman,disinfectant,0
skidder,syllabub,0
comparative_psychology,campeche,0
genus_xylaria,polygene,0
alisma,oxyacetylene,0
olfactory_modality,unfavorable_judgment,0
contopus,dumpiness,0
shiraz,order_geraniales,0
osteoclasis,sand_snake,0
continuous_creation_theory,paeonia,0
lamarck,pisum_sativum_arvense,0
astrodome,parser,0
linden_family,ergometer,0
saint_john_river,castaway,0
president_monroe,vicarage,0
samolus_parviflorus,tree_martin,0
haemorrhagic_stroke,c._northcote_parkinson,0
genus_scolymus,northern_lights,0
geastraceae,cass_gilbert,0
st._john_river,wood_frog,0
alkylbenzene,furnace_room,0
uphill,cladrastis,0
potentate,dual_scan_display,0
overall,incognizance,0
cat_scan,bank_examination,0
california_pitcher_plant,isobutylphenyl_propionic_acid,0
receivership,osteotomy,0
kisser,parasite_yew,0
golconda,tinsmith,0
regency,waste_material,0
silicate,spinus_pinus,0
troglodytes_aedon,dogshit,0
prayer_meeting,smilo_grass,0
senor,subtilin,0
notoryctus_typhlops,big_shagbark,0
roridula,green_monkey,0
receivables,rummage_sale,0
recrimination,jostle,0
remarriage,sermonizer,0
deoxyguanosine,bedding_geranium,0
riflebird,genus_choloepus,0
vicia_faba,paramilitary_unit,0
straight_angle,lower_mantle,0
desegregation,genus_gobiesox,0
hype,apsis,0
light_beer,frequency-response_characteristic,0
eucalypt_tereticornis,tetrao,0
paine,drawers,0
equinoctial,gregory_xii,0
hypersplenism,memo,0
busy_bee,dissimilitude,0
dominican_monetary_unit,genus_acanthocybium,0
rebellion,genus_cucumis,0
authenticity,caring,0
veau,brussels_sprout,0
left_atrium_of_the_heart,outrageousness,0
humous,theophany,0
asteridae,black_pepper,0
bamboo_shoot,reseau,0
ignobleness,countermand,0
lycopene,delay,0
front_entrance,president_theodore_roosevelt,0
egalitarianism,onychosis,0
central_city,native_cat,0
tumbler,pya,0
affiliation,citrophilous_mealybug,0
pyx_chest,horse_cassia,0
urbana,erectile_tissue,0
onchocerciasis,proboscidea,0
inexpedience,macaroni_and_cheese,0
radiochemistry,besseya_alpina,0
liquid_crystal_display,yquem,0
donne,prairie_willow,0
saddle_horn,tweeter,0
stock_room,get,0
rhea_americana,anagram,0
signpost,novelization,0
kiswahili,pleasing,0
the_way_of_the_world,psoralea,0
tavern_keeper,barbary_sheep,0
broker-dealer,oleandraceae,0
sooner_state,vanishing,0
air_sickness,photoflash,0
matrimony_vine,police_dog,0
the_way_of_the_world,bushytail_woodrat,0
columbine,fifo,0
c._p._snow,port_watcher,0
harrier_eagle,maturement,0
bourgeoisie,swinging_chad,0
solar_furnace,saran,0
acclivity,kraft_paper,0
parthenocissus_tricuspidata,ride,0
indian_salad,opposite_number,0
self-evident_truth,yellow_granadilla,0
diatom,meeter,0
antilog,strickland,0
hospital_attendant,family_hexagrammidae,0
pinctada,fluoroform,0
niqaabi,colorado_potato_beetle,0
macaca_mulatta,nozzle,0
complaisance,narrow_beech_fern,0
southern_beech_fern,eunectes_murinus,0
love_letter,kentucky,0
olympiad,prognosis,0
medal_winner,genus_anoectochilus,0
cyanosis,white_sea,0
sweep-second,rosin_bag,0
prayer_service,dramatist,0
tum,fire_wheel,0
titus_vespasianus_augustus,johnston,0
saratoga,reduction,0
singan,capital_of_france,0
work,bidder,0
cephalotaxus,cotonou,0
testimony,turdus_merula,0
sleepy_dick,tribulation,0
licitness,refractoriness,0
prate,hirschfeld,0
distinguished_conduct_medal,psophia_crepitans,0
common_myrtle,aluminate,0
mercury-in-glass_clinical_thermometer,company_union,0
whirlwind,matrix_transposition,0
refuse_heap,harvest_mouse,0
georgian_monetary_unit,save-all,0
sir_harold_george_nicolson,red_rockfish,0
ptomaine,ficus_carica_sylvestris,0
torrey_pine,round_bone,0
picometer,aythya_americana,0
trade_unionist,password,0
sigmoid_sinus,posterior_vein_of_the_left_ventricle,0
bacteria_family,art_form,0
genus_athyrium,smell,0
split_ticket,beggar's_lice,0
fundamentalism,alfred_russel_wallace,0
dork,leonardo_da_vinci,0
capital_of_new_mexico,spelling_bee,0
asceticism,usnea,0
radiator_cap,karloff,0
february,lactalbumin,0
pheochromocytoma,water_fountain,0
boselaphus_tragocamelus,barrage_balloon,0
wyeth,electromagnetics,0
genus_lactuca,dermatomycosis,0
sabaton,hectometre,0
milan,oilbird,0
edginess,religious_movement,0
false_asphodel,plexus_choroideus,0
eugenia_caryophyllatum,hit,0
protoctist_order,genus_brassia,0
genus_aspidophoroides,megapode,0
vienna_roll,john_duns_scotus,0
plumiera,swamp_locust,0
vulcaniser,genus_mustela,0
common_blackfish,labridae,0
eisenstaedt,camassia_quamash,0
duncan_grant,antihaemophilic_globulin,0
munda,farmyard,0
meteorologist,oxidoreduction,0
carefreeness,entire,0
israel,almond_willow,0
kurrajong,lodgment,0
pithecellobium_dulce,enamel,0
chesapeake_bay,dos,0
khoum,federal_government,0
tactual_sensation,grass,0
serpens,california_quail,0
coal_tongs,little_slam,0
cyma,cancroid,0
class_psilopsida,initiator,0
thomas,cortical_region,0
tricholoma_pessundatum,simplicity,0
bed_cover,no-go_area,0
saddleback,weaver's_knot,0
tercentenary,genus_pterocarya,0
gondi,mhz,0
michael_faraday,egality,0
autochthony,corn_chowder,0
refraction,hasek,0
melchite,light_ballast,0
macrocyte,final_exam,0
camel,asynchronous_operation,0
commercial_activity,faith,0
scutigerella,surprise_attack,0
eolith,deer,0
minutia,malevich,0
toothache,human_language_technology,0
american_falls,family_phyllocladaceae,0
buccal_artery,oenology,0
farming_area,heart-to-heart,0
cryptococcosis,kyrgyz_republic,0
curling,sam_shepard,0
epilepsia_minor,genus_quassia,0
ticket_tout,green_smut,0
konstantin_stanislavsky,easter_daisy,0
the_holy_see,baby_shoe,0
naumachia,supplying,0
pothook,noruz,0
red_lauan,radioactivity,0
mao_zedong,cascades,0
evocation,odor,0
vireo_solitarius_solitarius,varanus,0
serranidae,department_of_energy,0
responsiveness,paper_mulberry,0
california_four_o'clock,danish_capital,0
jamaican_cherry,waslaw_nijinsky,0
micelle,zinzendorf,0
pivoting_window,imaginary_being,0
giant_scrambling_fern,childcare,0
dust_mop,torchwood_family,0
xylaria_mali,dwindling,0
papaw,bemidji,0
historiographer,scorsese,0
imago,testicular_artery,0
manhattan_island,cost-plus_contract,0
indomitability,actress,0
secretaryship,harmonic_analysis,0
amends,rex,0
secret_plan,lower_respiratory_infection,0
struggler,bus,0
thanatos,genus_natrix,0
chopine,arthurian_legend,0
citron,ostrava,0
nerve_deafness,allamanda_cathartica,0
oxen,rock_bass,0
family_pythonidae,ground_substance,0
progestin,1990s,0
may_fish,lovebird,0
dowsing_rod,incendiary,0
jean_baptiste_racine,teacher-student_relation,0
arthropod,monogamy,0
short_account,vincetoxicum_hirsutum,0
squatina_squatina,shirtsleeves,0
julia_evelina_smith,gaggle,0
democratic_socialist_republic_of_sri_lanka,kummel,0
alloy_iron,world_health_organization,0
melba,line_feed,0
owner,infective_agent,0
henriette_rosine_bernard,snowbank,0
rib_roast,return_address,0
reliability,order_ebenales,0
modifier_gene,post_hole,0
aaland_islands,reaumur_thermometer,0
royal_jelly,family_scincidae,0
quat,posterior_horn,0
friendly,hypoglycaemic_agent,0
partitionist,government,0
blacktail,lotto,0
pouf_paste,eleanor_gwynn,0
wretchedness,baulk-line,0
katherine_anne_porter,genus_hexagrammos,0
osmerus_mordax,bacchante,0
wolfgang_pauli,radiation_therapy,0
phatic_speech,choky,0
fur_hat,calnada_pea,0
administration,pentaerythritol,0
thwarting,passerby,0
satin_walnut,shittim,0
hitman,juice,0
trichotillomania,glaucomys_sabrinus,0
spirochaete,cakewalk,0
cancer,tanacetum,0
pheasant's-eye,jauntiness,0
sine_wave,who,0
winter_aconite,tax_deduction,0
blue_point_siamese,playing_period,0
topolatry,friedman_test,0
genus_lactuca,r_and_b,0
morchella_esculenta,security_measure,0
omega-6_fatty_acid,cinder,0
tagus,fly_honeysuckle,0
sisymbrium_tanacetifolia,inquietude,0
derby_hat,genus_hedysarum,0
overprotection,coffee-table_book,0
ignis_fatuus,heliamphora,0
agent-in-place,barrels,0
maiden_aunt,miocene_epoch,0
aluminium,road_surface,0
ten-spot,filigree,0
cronus,pye-dog,0
french_fries,trailer_truck,0
brain_sugar,spare,0
morning_glory,lipemia,0
bagdad,european_cranberry,0
aplodontia,disingenuousness,0
mafioso,pilot_boat,0
amusement_arcade,testimony,0
delegation,diclofenac_potassium,0
islamic_jihad,tom_sawyer,0
thoroughbred,virulency,0
afrl,agricultural_agent,0
hoodmould,reagan,0
purple_willow,ceibo,0
silky_terrier,shtikl,0
erodium_cicutarium,top_quark,0
newscaster,studbook,0
convincingness,exclamation_point,0
universal_set,brosmius,0
pulsatilla_vulgaris,hyperlipoidemia,0
pine_grosbeak,gum_sangapenum,0
concave_lens,cubic_kilometer,0
splashiness,science_lab,0
automobile_traffic,ramachandra,0
candlepins,wild_lily_of_the_valley,0
maundy,hardtop,0
bus_company,moth_orchid,0
muggee,spectrometer,0
laughton,whirlpool,0
indian_paint,neuromuscular_junction,0
maranta_arundinaceae,atherosclerosis,0
employee_savings_plan,respiratory_organ,0
waggle,aachen,0
right_of_offset,tea_trolley,0
buckeroo,gibson_desert,0
outer_hebrides,arctic_ocean,0
cpu_board,welfare_worker,0
order_parietales,freedom_from_involuntary_servitude,0
chlorine_water,ungrateful_person,0
defenestration,incremental_cost,0
genus_pinctada,shrieking,0
vanisher,corgi,0
thiocyanic_acid,news_agency,0
arisaema_atrorubens,martyniaceae,0
john_webster,kol_nidre,0
family_rhodymeniaceae,volvulus,0
edward_jean_steichen,genus_archaeornis,0
astrophyton_muricatum,cephalopterus,0
bringing,freshwater_fish,0
electrical_power,bukharin,0
bog_myrtle,mule_fat,0
draft_evader,beach_strawberry,0
arceuthobium,retarded,0
prestige,shaytan,0
titanosaurian,apple_of_peru,0
truffaut,carbon_monoxide_poisoning,0
incurable,figured-fabric_loom,0
december_31,piaster,0
defending_team,swampland,0
ditchmoss,firebrick,0
pulasan,unsavoriness,0
air_travel,metal_money,0
oculomotor_nerve,genus_radiigera,0
darkroom,lorenzo_ganganelli,0
hand_shovel,genus_homarus,0
holm_tree,eatable,0
croupe,s_wrench,0
quadratic_polynomial,leipoa_ocellata,0
maeandra,oder,0
hibiscus_moscheutos,co-beneficiary,0
eugenics,traditionalism,0
chrysophrys,vixen,0
cheiloschisis,sloe_gin,0
poncirus_trifoliata,indicator_lamp,0
buster,quadrennium,0
stemmer,morone_americana,0
flash,genus_ulmus,0
banns,diaphysis,0
extraterrestrial_object,shiah_islam,0
desalinisation,fuel_injection_system,0
polyhidrosis,significant_figure,0
arp,police_wagon,0
auger,scaup_duck,0
cat_food,snapshot_program,0
launch,elephant,0
muntingia_calabura,share-out,0
otho,foot_rule,0
unassumingness,sgml,0
beading_plane,lady_palm,0
anemopsis,genus_zeus,0
superior_planet,watering_hole,0
spanish_tea,serratus_magnus,0
lighthouse,spinal_nerve_roots,0
intracapsular_surgery,mare_nostrum,0
bodice,may,0
ballistic_galvanometer,sea_lion,0
papaverine,backside,0
trifluoromethane,seaboard,0
screwballer,antigone,0
oil_painter,logical_fallacy,0
borsht_circuit,austral_islands,0
lord's_supper,james_abbott_mcneill_whistler,0
fusillade,tobagonian,0
staggered_board_of_directors,genus_carica,0
cottonwick,wurtzite,0
napier's_bones,oak_chestnut,0
federalist,synonymy,0
rolypoliness,norfolk_jacket,0
atonement,flying_fish,0
fund-raising_effort,marquis_de_lafayette,0
harrisia,graveyard_shift,0
body_english,microeconomics,0
pip,minor,0
fly_tent,sand_stargazer,0
sword_knot,oral_contraception,0
eriobotrya,stadium_jumping,0
rauli_beech,fourth_stomach,0
ship_building,nystagmus,0
legal_brief,procyclidine,0
whole_shebang,gun_rest,0
dairymaid,thelypteris_simulata,0
gabor,family_dactyloscopidae,0
roll_call,tract,0
boris_karloff,genus_vireo,0
australian_pitcher_plant,bota,0
pincus,contract_killing,0
ixia,lying-in,0
helenium_puberulum,pipework,0
withdrawing_room,great_barrier_reef,0
thylacine,pentastomida,0
suborder_carnosaura,cisco,0
genus_othonna,eggfruit,0
toffee,drinking_age,0
habitableness,sweep_oar,0
shootout,genus_cassia,0
hempen_necktie,abjurer,0
spinach,chicory_escarole,0
low-density_lipoprotein,kumasi,0
stealth,group_b,0
grenadian,adversity,0
ross,genus_anomalops,0
calves'_feet,greyness,0
microsoft_disk_operating_system,thou,0
meson,apium_graveolens,0
unwillingness,road_builder,0
myringotomy,sitka_spruce,0
drygoods,archosauria,0
daltonism,might-have-been,0
stocking,tetrasaccharide,0
mesohippus,intermission,0
telephone_box,miaul,0
lodgepole_pine,nonmalignant_tumor,0
otaheite_arrowroot_starch,legislative_assembly,0
daylily,cordova,0
jewels-of-opar,growth_hormone,0
khmer_rouge,futurist,0
ludi_saeculares,smaller_pectoral_muscle,0
buteo_buteo,check_stub,0
tyrian_purple,may_blob,0
ketorolac,sprachgefuhl,0
puff,fantasia,0
inc,picometer,0
sexual_desire,bagascosis,0
holy_spirit,want,0
demographic,cucumis_melo_inodorus,0
hair's-breadth,cheque,0
var.,plumeria,0
water_hickory,sison_amomum,0
hizbullah,jinnah,0
swimming_pool,electra_complex,0
penuchle,arrogation,0
family_polemoniaceae,petty_spurge,0
feathering,water_skater,0
our_lady's_mild_thistle,emperor_penguin,0
cushaw,thimble,0
craft,mick_jagger,0
digestibility,adhesive_tape,0
genus_phellodendron,th,0
dewitt_clinton,cyclodestructive_surgery,0
theory_of_gravity,family_cracticidae,0
sound_system,rtlt,0
panfish,july_4,0
skunkweed,alexis_carrel,0
executive_department,rtlt,0
repayment_rate,sylvian_fissure,0
brazilian_pepper_tree,wild_hyacinth,0
pistachio_nut,onrush,0
remark,proudhon,0
superorder,nationalist,0
crabbiness,turreae,0
carcharodon_carcharias,polarography,0
budgerigar,kahoolawe,0
dieting,allopurinol,0
explosive_detection_system,paris_quadrifolia,0
chopper,trogium_pulsatorium,0
side-glance,artemisia_campestris,0
slick_magazine,vitamin_a2,0
ortolan,salience,0
oscar_fingal_o'flahertie_wills_wilde,mamey,0
rabbet,killer_whale,0
mot_test,screw_augur,0
achromaticity,due_care,0
gallantry,selaginella_eremophila,0
sibilation,blennius,0
external_maxillary_artery,fillmore,0
fen_orchis,flatbed_press,0
halicoeres,retiree,0
longanberry,big_shellbark,0
actin,republic_of_the_congo,0
vulnerability,figure,0
x_ray,digitiser,0
water_dropwort,goitrogen,0
pocketknife,radio_telescope,0
xxx,swiss_stone_pine,0
collinsonia,achaean,0
christening,staying_power,0
mandioca,pyrectic,0
meliaceae,tribromoethanol,0
wbc,locust_bean,0
digital_scanner,torte,0
insulin_shock_therapy,giro_account,0
ombudsman,timor,0
omar_nelson_bradley,seanad,0
aquatint,ceterach,0
francois_rabelais,fletcher,0
athabascan,alumnus,0
venue,pseudemys_concinna,0
bead_tree,genus_haemulon,0
genus_macowanites,tolmiea,0
alpha-interferon,punkey,0
abundance,diodon,0
turquoise,pocket_billiards,0
genus_culcita,golden_algae,0
parasympathetic_nervous_system,hacksaw,0
genus_cynocephalus,common_limpet,0
butter_cookie,teres_major,0
behring,mydriasis,0
polanisia_graveolens,tomato_yellows,0
jumping_gene,aethionema,0
cat_bear,genus_cordia,0
shaving_foam,mdi,0
beauty_treatment,egression,0
heyse,statistician,0
light_brown,birthwort_family,0
costa_rica,gerard_peter_kuiper,0
blennius_pholis,lordosis,0
servitor,pumpkin_ash,0
rocket_launching,pilot_burner,0
maria_meneghini_callas,dolphin_oil,0
stratum_corneum,beach_chair,0
thermal_spring,vonnegut,0
emery_rock,introspectiveness,0
satin_weave,recess,0
memory_cache,safety_bike,0
appendicular_artery,fomite,0
waterfront,thysanopter,0
illicium,hide,0
zanthoxylum_clava-herculis,infestation,0
sticker,naja_naja,0
douglas,salix_caprea,0
family_ibidiidae,primary_tooth,0
handoff,pellicularia_koleroga,0
resolving_power,cloud,0
rest,fielding,0
lycanthrope,fitter,0
bristol_channel,t-network,0
zodiac,soapweed,0
agronomy,beacon,0
elastance_unit,crumbliness,0
zalophus_lobatus,order_lechanorales,0
griddlecake,gadolinite,0
pop_bottle,sexually_transmitted_disease,0
goose_grass,sciadopitys_verticillata,0
tract_house,genius_loci,0
carl_orff,tutelo,0
polygenic_disease,roller_bandage,0
geographics,tetraiodothyronine,0
red_sanderswood,platylobium,0
louis_xvi,himantopus_himantopus_leucocephalus,0
eastern_pipistrel,pennoncel,0
crudeness,air_bag,0
agnation,apalachicola,0
nitrazepam,nerveroot,0
purse,magnum_opus,0
elizabeth_barrett_browning,enlivener,0
blue_whale,anthericum_torreyi,0
strait_of_magellan,chariness,0
blatherskite,ravisher,0
xavier,neutralist,0
erysimum,carbon_black,0
sales_campaign,jacqueline_cochran,0
bloodmobile,genus_ochroma,0
qed,serotonin,0
rhizopus,drouth,0
cabin_car,telephone_booth,0
alluvial_plain,capric_acid,0
striated_muscle_fiber,selenium_cell,0
heyday,assam_fever,0
dendrite,culmination,0
arterial_pressure,dovyalis_caffra,0
carson_mccullers,syllabic_script,0
leishmania,con_artist,0
helicon,ticonderoga,0
pentothal,compote,0
urinator,order_phasmatodea,0
duality,crow's_feet,0
genus_marchantia,decentalisation,0
flaviviridae,rangifer_caribou,0
paranoia,business_interruption_insurance,0
teratoma,fractional_monetary_unit,0
field-sequential_color_television_system,immunogen,0
vedist,hour_circle,0
aids,orchestrator,0
genus_lepidium,jordanian_dinar,0
tshatshke,band_of_partisans,0
tax_bracket,hothr,0
coralwort,dekko,0
ebb,positive_stimulus,0
baseball_diamond,hawksbill_turtle,0
solvability,arteria_glutes,0
tetrad,retirement_program,0
gesso,neumann,0
christoph_willibald_von_gluck,lena_river,0
sea_spider,picaninny,0
reentrant_angle,rawalpindi,0
principality,tolinase,0
domestic_dog,babacu_oil,0
narcissistic_personality,womanliness,0
fluoxetine_hydrocholoride,war_paint,0
normaliser,genus_haematobia,0
squeaker,marriage_broker,0
hugo_devries,coniferophytina,0
grab_bag,federal_national_mortgage_association,0
tonegawa_susumu,zabrze,0
family_mylodontidae,nypa,0
mineralocorticoid,pipracil,0
william_hogarth,mammary_gland,0
cybersex,amon-ra,0
molarity,genus_lithocarpus,0
methadon,white_mullet,0
sanderling,goa_bean,0
holy_place,flare-up,0
family_pholididae,language_area,0
electromyogram,white_book,0
military_formation,eternal_sleep,0
comeliness,strawberry_mark,0
sewage,blue_jessamine,0
swivel_chair,enterobacteria,0
natural_order,fire-swallower,0
box_spring,granville-barker,0
kurdistan_workers_party,pi,0
nurse,nellie_bly,0
divorced_man,early_winter_cress,0
mutterer,shinny,0
toll_collector,cycladic_civilization,0
electrosleep,brompton_stock,0
lincoln's_birthday,low_brass,0
long-beard,guildhall,0
genus_pulsatilla,bathyscaph,0
uppercut,waco,0
cannabis_resin,fulmarus,0
hot_pants,pyknic_type,0
dionysus,teratogenesis,0
up_quark,washout,0
river_birch,styrax_obassia,0
mountebank,mollycoddler,0
schistosoma,fcc,0
pleuropneumonia,tea_caddy,0
resiliency,rowanberry,0
genus_anemopsis,snakehead,0
argillaceous_rock,common_law,0
square_deal,pyocyanase,0
fund-raising_effort,corn_exchange,0
irredentism,cascades_frog,0
dayspring,broadcaster,0
lacerta_agilis,abdicator,0
liquid_soap,lido_deck,0
royal_palm,accommodator,0
swiss_steak,idiot_savant,0
hairbrush,gitana,0
control_freak,serving_cart,0
moonlighter,john_knox,0
sarnoff,w._w._jacobs,0
guangdong,mornay_sauce,0
national_insurance,librarianship,0
one_c,genus_ceratotherium,0
arc,preventive_attack,0
gypsywort,chicle_gum,0
eponymy,battle_of_shiloh,0
wealthy_man,blockhead,0
emu,piston_chamber,0
physiotherapist,best,0
wedgie,genus_scolopax,0
cynomys,hip-hop,0
viburnum_recognitum,george_huntington,0
dogtooth_violet,brisance,0
revolutionary_justice_organization,klinefelter_syndrome,0
cranial_cavity,condominium,0
common_louse,atriplex_hymenelytra,0
gun_deck,chromatin,0
sidetrack,ernst_theodor_wilhelm_hoffmann,0
financial_organisation,salpingitis,0
work_clothing,lazzaro_spallanzani,0
equipoise,spheniscus,0
evergreen_blueberry,mc,0
claim_jumper,dorothy_l._sayers,0
tamandua,clichy-la-garenne,0
tent_stitch,wilt,0
sal_soda,riding_breeches,0
fusanus_acuminatus,small_white_aster,0
emasculation,lobworm,0
segue,dentin,0
ida,lotus_tetragonolobus,0
pine_hyacinth,arteria_intercostalis,0
supersedure,lens_capsule,0
styloid_process,republic_of_colombia,0
genus_clangula,family_anhimidae,0
threadfish,sabaoth,0
dipteron,migraine,0
econometrician,genus_rhinonicteris,0
alaskan_king_crab,allocation,0
agha,fig_leaf,0
mdi,stokesia_laevis,0
naproxen,ununpentium,0
freelancer,carful,0
ivy_league,limbo,0
munchausen_syndrome,goodyear,0
male_chauvinism,prelature,0
slip,order_of_our_lady_of_mount_carmel,0
urochordate,family_pholidae,0
heteranthera_dubia,timberman,0
guppy,bull_session,0
allium_vineale,psi_particle,0
nailhead,lobster_a_la_newburg,0
medical_specialty,family_name,0
malay,nothofagus,0
marsupial_mouse,quick_march,0
mintmark,symbion_pandora,0
hoya,magicicada,0
show_business,boron_trifluoride,0
shaw,homophobe,0
tomfoolery,kinesthesia,0
fourscore,metric_system,0
stagger,bremen,0
andricus,baccarat,0
sectarist,business_organisation,0
yellow_light,scorpius,0
albite,spots,0
pisser,b_lymphocyte,0
lump_sum,cheoplastic_metal,0
machine_rifle,grieg,0
pillow,al_aqabah,0
bach,genus_althaea,0
european_house_cricket,immunocompetence,0
genus_strongylodon,field_pussytoes,0
roofy,scented_wattle,0
gizeh,heebie-jeebies,0
aster_acuminatus,genus_catha,0
chinos,trabecula,0
myocardial_infarction,chlorophyl,0
chlamyphore,australian_pitcher_plant,0
large_integer,economic_geography,0
flatwork,seriphidium_canum,0
common_marigold,jackdaw,0
fiber_bundle,genus_haemopis,0
emberiza_schoeniclus,doctor_of_laws,0
durum_wheat,vientiane,0
prairie_star,eleocharis_acicularis,0
katsuwonidae,occidental,0
pandanus,public_knowledge,0
pectin,nymphaeaceae,0
jammu_and_kashmir,standpipe,0
bird_cherry_tree,pearly-shelled_mussel,0
equinoctial_circle,judgeship,0
training_ship,rear_window,0
atomic_number_11,synaptomys_borealis,0
pholiota_flammans,ovate_leaf,0
shiah,cubage_unit,0
guttural_consonant,machaeranthera_tanacetifolia,0
salvia_leucophylla,fibonacci_number,0
moharram,american_lady_crab,0
genus_tinea,phyllorhynchus,0
brochure,rocky_mountain_whitefish,0
plutonium_pit,irregularity,0
frequenter,forum,0
hilary_rodham_clinton,losses,0
xanthelasma,community,0
pongee,metalworks,0
digitigrade,kluxer,0
one-dimensionality,disorderly_behavior,0
mithras,first_baron_marks_of_broughton,0
golf_cart,shellflower,0
bugloss,liberalisation,0
alpinism,union_member,0
calathian_violet,adjournment,0
benniseed,utilizer,0
personal_digital_assistant,inherited_disorder,0
byzantine_architecture,ceratophyllaceae,0
georg_wilhelm_steller,quincentenary,0
khalif,coach_dog,0
mikhail_ilarionovich_kutuzov,saucer_magnolia,0
frown_line,electron_shell,0
information_age,spotted_water_hemlock,0
eugenics,country_and_western,0
property_tax,senior_high_school,0
arum_family,pooling_of_interest,0
bitok,confucian,0
stewing_pan,selenium,0
tower_of_babel,doppler_shift,0
elizabeth_i,litigation,0
dietetics,long_pants,0
genus_tsuga,shore_boulder,0
stress,waiver,0
cricetus_cricetus,boocercus_eurycerus,0
apple_of_discord,piperacillin,0
glazier,front_entrance,0
companionway,common_tarweed,0
reprover,e.p.a.,0
lone_hand,nembutal,0
st._francis,flowering_almond,0
sahaptin,petunia_hybrida,0
genus_andreaea,horizontal_stabilizer,0
immunoglobulin,pathway,0
absentmindedness,richardson,0
swiz,landsteiner,0
educationalist,raspberry,0
telegraph_line,breakfast_nook,0
eocene_epoch,bog_aster,0
potassium_dichromate,maha,0
saddle_blanket,denticle,0
neckcloth,ensete_ventricosum,0
corregidor,coccidiomycosis,0
freedom_of_speech,dry_measure,0
dar_al-harb,incrimination,0
scorpionfish,dropping_zone,0
terza_rima,hospital_room,0
electrical_skin_response,myxinoidea,0
potyokin,canecutter,0
impact,rome_beauty,0
mercifulness,blue_wall,0
family_ziphiidae,qindarka,0
phylum_nemertina,starting_stall,0
katydid,ligustrum_japonicum,0
superorder_labyrinthodonta,confervoid_algae,0
pianist,genus_coelogyne,0
departure_gate,co-operative_republic_of_guyana,0
gnatcatcher,coaxer,0
greenskeeper,prosthetics,0
elephant_ear,transvaal_kafferboom,0
copula,retail_price_index,0
filter_bed,chrysotile,0
hyrax,genoese,0
equivalent_weight,figurine,0
lamna_nasus,prefiguration,0
tv_audience,nabothian_follicle,0
beach_goldenrod,portulaca_grandiflora,0
aral_sea,alumnus,0
mandibular_notch,quinidex,0
usss,slip_of_paper,0
toe_dance,banting,0
feeding_bottle,samia,0
codiaeum,philaenus,0
thrombokinase,inventory,0
selloff,symphysis,0
guan,order_odonata,0
hymenopteran,william_mitchell,0
ageism,palaeoethnography,0
genus_tamarindus,perineurium,0
solid_body_substance,duke_ellington,0
egger,indelicacy,0
sauerbraten,optical_fiber,0
linuron,palau,0
mantis_religioso,ambloplites,0
hamilton,good_manners,0
jawfish,container,0
genus_chamaedaphne,lassa_virus,0
saint_peter's_wreath,mindoro,0
main_rotor,stanton,0
marie_grosholtz,reelection,0
nonfluent_aphasia,wild_wheat,0
genus_nopalea,fantan,0
shoveler,indument,0
fimbria,retriever,0
monstera,compulsory_process,0
armoire,cadger,0
lobster,civil_time,0
chemical_analysis,jackass_penguin,0
volt-ampere,walker_percy,0
angolan_capital,flute,0
asclepiadaceae,black_cottonwood,0
sailor_cap,garden_strawberry,0
festering,drill_site,0
old_world_vulture,caelum,0
cephaloglycin,crepis,0
woodscrew,kangaroo's-foot,0
idun,mitosis,0
mammalia,todea_barbara,0
deerskin,shammer,0
melanitta,riding_mower,0
trophy_wife,well_point,0
electronic_image,agrostis_alba,0
dual_scan_display,branta_bernicla,0
papacy,beer_mat,0
dolichocephalic,quadrille,0
confinement,genus_dracunculus,0
genus_syngnathus,milk_cow,0
dengue_fever,acromegalia,0
cornflower,dead-man's-fingers,0
genitive,celiac_artery,0
woodsia_glabella,hausmannite,0
tin_pyrites,embiotocidae,0
histamine,racing_skiff,0
sexual_discrimination,smelter,0
overachievement,unseasonableness,0
rest_area,clinton's_lily,0
charles_wilkes,blasphemy,0
troponym,banana,0
disunity,ski_wax,0
tub_gurnard,rock_opera,0
lubber's_mark,frolicsomeness,0
freeboard_deck,sloe,0
lampooner,carya_myristicaeformis,0
ptyas_mucosus,flower_store,0
antiphrasis,salonica,0
bar_graph,sterling_bloc,0
trautvetteria_carolinensis,childbirth-preparation_class,0
jimmy_hoffa,spear-point,0
family_meliaceae,edmund_ii,0
lacrosse_ball,gaylussacia_baccata,0
gregorian_telescope,genus_echinochloa,0
marriageability,conveniences,0
rump_roast,haplopappus_spinulosus,0
shrimp-fish,jelly_fungus,0
genus_lutjanus,reverse_transcriptase,0
araguaia,douche,0
marmoset,pastorate,0
norse,rumpelstiltskin,0
multiplicity,spot_welder,0
tansy_ragwort,noble_gas,0
fish_farm,ambrosiaceae,0
vena_cystica,menshevik,0
genus_arenga,potency,0
softheartedness,reductivism,0
police_wagon,cerebral_aqueduct,0
glossodynia_exfoliativa,diehard,0
cantor,hairstylist,0
chrysolepis_sempervirens,champion,0
balearic_islands,vertical_circle,0
tetrachloride,parotid_vein,0
flatiron,exponential_series,0
toy_box,raymond_bernard_cattell,0
ngultrum,cadency,0
joinery,osmerus_mordax,0
tamandua,tooshie,0
dance_music,jakob_ludwig_felix_mendelssohn-bartholdy,0
trailing,trichoceros,0
analbuminemia,jeddah,0
checklist,mesozoic,0
lomustine,fuel_indicator,0
kartikeya,blood_transfusion,0
coricidin,screw_propeller,0
genus_trapa,studio,0
pump_well,expurgation,0
principe,bride's_bonnet,0
edith_piaf,domed_stadium,0
batch_processing,instantaneousness,0
edible_mussel,garbage_can,0
trachipterus,trend_setting,0
nephrolith,mobile_river,0
recompense,caiman_lizard,0
rainbow_perch,geum_rivale,0
spirit_lamp,hiatus_hernia,0
flame_flower,parietal_lobe,0
demagog,equivalent,0
love_affair,egg_yolk,0
black_fly,desirability,0
williamstown,pleasingness,0
balldress,hancock,0
siluriformes,writer's_cramp,0
black_racer,magnoliidae,0
zoomorphism,libertarian,0
boogie,possumwood,0
militarist,spiny_puffer,0
salicornia,obtuse-angled_triangle,0
pratincole,armored_car,0
solution,tangle_orchid,0
vagus,eastern_chimpanzee,0
robert_lowell,liza,0
christine_marie_evert,northeaster,0
escarpment,struggler,0
qcd,lake_cayuga,0
pikestaff,gastrocnemius_muscle,0
livery_driver,crow_step,0
mahout,stingaree-bush,0
secondary_syphilis,cheeseboard,0
ependyma,john_roderigo_dos_passos,0
malocclusion,lesser_centaury,0
muscle_contraction,licence,0
kale,accusative_case,0
nursery_rhyme,dipodidae,0
cape_ann,make-peace,0
gunshot,mare's_tail,0
native_pomegranate,op_art,0
breadstuff,penicillinase-resistant_antibiotic,0
chionanthus_virginicus,maidenhood,0
pentad,spaniel,0
fragonard,limbo,0
genus_picumnus,foster_care,0
heat_of_solution,auxiliary_operation,0
double-propeller_plane,control_surface,0
ventilation,exorbitance,0
chordate_genus,oxymoron,0
believing,hindbrain,0
feijoa_bush,baby_blue-eyes,0
anti-inflammatory_drug,roadbed,0
hollowness,skew_correlation,0
harpy,sandburg,0
posterior_vein_of_the_left_ventricle,indian_monetary_unit,0
inky_cap,calculating_machine,0
airsickness,line_single,0
reticular_activating_system,genus_atriplex,0
maulers,editorialist,0
fifo,fallopius,0
voiceless_consonant,health_maintenance_organization,0
oarswoman,acromyotonia,0
baum,genus_atropa,0
expense_account,arthromere,0
pagellus,hugo_wolf,0
steroid_alcohol,family_oleaceae,0
vena_clitoridis,associate_in_arts,0
piked_reverse_hang,squandermania,0
familial_hypercholesterolemia,calophyllum_inophyllum,0
genus_corydalis,brooklyn,0
friedrich_engels,underground_press,0
wainscotting,neuroanatomy,0
pal,maiden_over,0
lens_cortex,catananche,0
ulva,east_turkestan_islamic_movement,0
companion,naivety,0
genus_anthus,trinectes,0
trimming,cortinarius_violaceus,0
field_of_view,fungible,0
girl_friday,deicer,0
harding,homburg,0
endearment,ticket_holder,0
woodland_white_violet,synovial_joint,0
feint,xor_circuit,0
church,joint,0
health_facility,heme,0
defectiveness,disaffirmation,0
turbofan,townes,0
thoroughbred_racing,mason_city,0
reproductive_memory,croatian,0
white_titi,eucinostomus_gula,0
hyperon,privateness,0
profanation,vlaminck,0
tradescantia,chili_sauce,0
oculus,object-oriented_programing_language,0
promulgator,anomalousness,0
root_beer_float,eudaemon,0
ezekias,dither,0
pinus_monophylla,arnoseris,0
gatefold,clock_face,0
telco_building,salt_flat,0
tauon,sebastodes_marinus,0
launching_site,fence_line,0
camper_trailer,green_gentian,0
hexalectris,layer,0
burlesque,genus_lysimachia,0
sister-in-law,durra,0
bola_tie,gray_wolf,0
gratuity,genus_ajaia,0
megaloblast,artfulness,0
olympic_god,floor_board,0
cathartes_aura,blacking,0
radiation_field,trapezius,0
crimp,ranter,0
urinal,mid-october,0
phytonadione,vinca,0
kwannon,electrolytic_cell,0
phosphor,larvacide,0
genus_adiantum,trifolium_dubium,0
pairing,fugleman,0
moose,rhodope_mountains,0
pteridospermopsida,landing_deck,0
muscadet,shooting_gallery,0
hassidim,san_joaquin_valley,0
brunnhilde,teutoburger_wald,0
tibetan_terrier,operculum,0
novelisation,grandfather_clock,0
silvery_wormwood,sacred_cow,0
the_hague,prairie_fox,0
fire_fighter,dispatch,0
clinoril,bettong,0
contract_law,journeying,0
pilot_chart,man-of-the-earth,0
phatic_speech,vishnu,0
asimina_triloba,myrtle_family,0
wood's_alloy,rhythm,0
dog_bent,sorbian,0
fighter,genus_blatta,0
african_yellowwood,common_ground,0
al_faran,false_calyx,0
necrophilia,mischief-maker,0
past_progressive_tense,fricandeau,0
self-esteem,redheader,0
vervet_monkey,sambucus_caerulea,0
agenda,genus_tetrahymena,0
day_of_atonement,saratoga_springs,0
serranid,anguid_lizard,0
hz,genu_varum,0
yellow_pages,unwelcome_guest,0
khirghiz,immoderateness,0
bourn,vamper,0
julia_evelina_smith,overburden,0
hand_job,syntagm,0
coffee_substitute,halftime,0
chenopodium_botrys,digitalis_lutea,0
throwing_away,newspaper_column,0
porcellio,brown_sauce,0
commission_on_human_rights,mostaccioli,0
hezbollah,astana,0
calycanthaceae,harriet_elizabeth_beecher_stowe,0
semicolon,teheran,0
descriptive_clause,amino_resin,0
thomas_jackson,strand_wolf,0
counsel,boredom,0
sidesaddle,john_davison_rockefeller,0
equivalent_word,ruhr_river,0
gastronome,totipotence,0
sound_structure,loving_cup,0
john_cage,afl-cio,0
kura,egyptian,0
presbytery,bruce_lee,0
superior_ophthalmic_vein,raccoon_dog,0
vena_brachiocephalica,emil_klaus_julius_fuchs,0
urinary_tract_infection,milkwort,0
gentleman,margaret_thatcher,0
infectious_agent,speleology,0
pore_fungus,use_immunity,0
dementia,utopia,0
panel_light,genus_daphne,0
third_person,ulfilas,0
lathyrus_sativus,greek_monetary_unit,0
architectural_ornament,catechesis,0
toehold,smegma,0
aleph-zero,lepidosauria,0
montserratian,arisarum_vulgare,0
ergosterol,magnolia_stellata,0
alms_box,vena_basivertebralis,0
ammobium,genus_panonychus,0
copulative_conjunction,common_fraction,0
unchangeableness,genus_ambrosia,0
focus,iris_verna,0
swinging_post,kor,0
moving_staircase,free_love,0
family_hydnoraceae,proper_name,0
rashtriya_swayamsevak_sangh,shipway,0
sterilisation,mirabilis_uniflora,0
french_honeysuckle,bath_towel,0
gerard_manley_hopkins,wine_sauce,0
paperhanging,snake,0
maoism,vena_metatarsus,0
mauritian_rupee,communion_table,0
ginger,garden_hose,0
hemerocallis_flava,jaeger,0
scour,rankine_scale,0
sheep_laurel,disunion,0
nappy,high-energy_physics,0
burger,virginal,0
extinguishing,inconceivability,0
gastroboletus,rosefish,0
stent,eligibility,0
porousness,ethanamide,0
crew_neckline,beachcomber,0
thermion,push-button_radio,0
weighing,bowdleriser,0
lydia,half_a_dozen,0
podsol,mephistopheles,0
innocence,councilwoman,0
convertibility,home_loan_bank,0
congratulations,lanzhou,0
surge_suppressor,benefice,0
alla_nazimova,daylight_savings,0
bromus_inermis,wonder_bean,0
kaposi's_varicelliform_eruption,neotoma_fuscipes,0
melon,ophidism,0
sapindus,comptonia_peregrina,0
muscle_memory,yellow_birch,0
dialeurodes_citri,ninepin,0
crenation,turbellaria,0
ivy_geranium,monetary_system,0
skin_tumor,applique,0
criminalism,correctness,0
gulf_of_aegina,cirque,0
john_ford,operational_cell,0
mniaceae,cholelithiasis,0
larghetto,insecurity,0
cypress_pine,genus_dendroica,0
phacelia,severable_contract,0
sulfur_bottom,client,0
genus_pagurus,holy_thursday,0
bambino,deuteranopia,0
genus_pimenta,blue_jeans,0
synonym,genus_eschrichtius,0
consulship,christiania,0
wolffish,ice_cube,0
nancere,bobbin,0
confession_of_judgement,allgood,0
submandibular_salivary_gland,judgment_on_the_merits,0
incurrence,mbit,0
four-minute_man,republishing,0
spanish_lime_tree,kingfisher,0
bessel,uncle_sam,0
steven_spielberg,light_ballast,0
prophylaxis,projective_device,0
cookware,glide_path,0
arnold_schonberg,deer_fern,0
jihad,ejaculation,0
elaeagnaceae,genus_dipladenia,0
countermine,clearcutness,0
map,astrophysicist,0
dprk,home_stand,0
pearl_sago,cristal,0
common_european_earwig,environmentalist,0
demonization,mussiness,0
lilium_pardalinum,ferdinand_and_isabella,0
ii_esdras,candlepower,0
spleen,seven_wonders_of_the_world,0
lash-up,spheroid,0
ulnar_artery,good_humor,0
two-way_street,making_love,0
lectureship,paleogeology,0
particularization,dress,0
frottage,denture,0
direct_dye,rauli_beech,0
priority_processing,cunonia_family,0
operating_theater,sciaena_aquila,0
genus_anodonta,grenada_dollar,0
coragyps_atratus,u-drive,0
sichuan,lapidarist,0
salpingectomy,trf,0
scuttle,stephanotis_floribunda,0
billyoh,anthyllis,0
rooting,rico_act,0
guan,bernard_malamud,0
vaporing,rioting,0
pore_mushroom,ictiobus_niger,0
valvotomy,aum,0
surveying,the_trots,0
gum_elemi,tianjin,0
club,chunk,0
drip_feed,haematocolpos,0
ignace_jan_paderewski,plutonium_pit,0
lemon_shark,brussels_sprout,0
catmint,bitok,0
arraignment,suborder_passeres,0
acer_pseudoplatanus,face_veil,0
hypnopedia,binary_digit,0
thomomys_bottae,forest_red_gum,0
confusion,dog_days,0
passer_montanus,mercy,0
gymnogyps,terabyte,0
dragon's_head,pileup,0
mina,romanesque,0
divining_rod,sousing,0
ptyalism,el_aaium,0
reflection,bryales,0
ionic,drill_bit,0
monoplane_flying_fish,coast_banksia,0
sauce_verte,genus_jacksonia,0
cyclostomata,baseboard,0
genus_leiopelma,badness,0
ken_kesey,carlyle,0
malt_whisky,genus_lamium,0
teasing,erythronium_californicum,0
lungyi,won_ton,0
proposer,carl_nielsen,0
angelique,trepan,0
footprint_evidence,hibiscus_sabdariffa,0
autotroph,payer,0
gateau,hamburger_bun,0
companion,hylocichla_mustelina,0
self-importance,genus_ctenocephalus,0
titration,astrologer,0
musculus_deltoideus,wooing,0
water_gum,scleroderma_flavidium,0
tuesday,ill-usage,0
kodiak_island,aflaxen,0
parimutuel,cortical_epilepsy,0
baku,eagre,0
line_of_scrimmage,common_european_ash,0
belorussia,suborder_blennioidea,0
salix_pentandra,oxydendrum,0
disability_benefit,zinc_sulfate,0
anthony_comstock,bk,0
episcopate,breathing_out,0
marcionism,bohme,0
playfellow,ruddiness,0
septicemic_plague,wingspan,0
marketing_cost,dwarf_elder,0
nephoscope,c,0
order_batrachia,genus_peromyscus,0
exonuclease,nuclear_rna,0
battle_of_plassey,antispasmodic,0
lactuca_serriola,sidney_webb,0
insularity,bolt_cutter,0
dna,quarterdeck,0
monochromasy,chief_executive,0
stamp_collection,straight-fluted_drill,0
sweatshop,bend_sinister,0
crevice,jerry-building,0
poisson_distribution,himalaya,0
gas_burner,division_archaebacteria,0
large_white_petunia,muslim_calendar,0
mandarin_orange_tree,chinese_mustard,0
beagling,battle_of_the_spanish_armada,0
american_sweet_chestnut,chinese,0
baja_california,thomas_hardy,0
cruiser,monkeypod,0
cow_dung,capital_of_minnesota,0
irelander,solidago_bicolor,0
metazoa,diethylbarbituric_acid,0
newspaper_advertisement,holystone,0
thoracocentesis,rusk,0
glaucomys,tallapoosa,0
unhurriedness,speed_freak,0
rug_beater,warehouser,0
rubus_occidentalis,family_corixidae,0
hugh_dowding,drill,0
examinee,electrostatic_field,0
bergman,podiatrist,0
cheroot,beggar-my-neighbor_strategy,0
tree_clubmoss,sulfur_paintbrush,0
aalii,fumble,0
hoek_van_holland,new_zealand_wren,0
syntactician,april_fools',0
brachychiton_populneus,family_nidulariaceae,0
ordnance_store,debenture_bond,0
calif.,charles_baudelaire,0
durian_tree,family_cortinariaceae,0
notable,aloe,0
denudation,cabombaceae,0
nabothian_cyst,ulysses_s._grant,0
giant_fulmar,slow_time_scale,0
irtish_river,copper_sulfate,0
basset_hound,amphineura,0
dragon_tree,cyatheaceae,0
cactaceae,genus_hyalophora,0
autogamy,baryshnikov,0
tennis_match,neck_sweetbread,0
theory_of_electrolytic_dissociation,alfred_de_musset,0
mandragora,opel,0
polyfoam,genus_oceanites,0
pub_crawl,beech_family,0
galvanic_pile,paste-up,0
ubiquity,aegir,0
espionage,noah,0
elanoides,division_schizophyta,0
rock_cake,astrobiology,0
american_beech,modem,0
nameplate,gesneriad,0
nevus,stage_fright,0
opinion_poll,bicycle-built-for-two,0
duck,wrist_watch,0
oriental_alabaster,return_key,0
benefit_concert,family_zeidae,0
european_black_alder,genus_anguis,0
scourer,shrapnel,0
insidiousness,norinyl,0
opisthocomus_hoazin,shears,0
pug,transfer_paper,0
oval_window,souk,0
dew_point,genus_leontodon,0
rip,financial_management_service,0
eating_house,paillasse,0
precambrian_aeon,suddenness,0
ottoman_turk,fugu,0
simoleons,bob_mathias,0
hard_tick,decrease,0
qiang,carrot_stick,0
ayapana,pentahedron,0
armoire,ulmus_pumila,0
ankyloglossia,genus_callinectes,0
family_didelphidae,gasman,0
schoolhouse,necrology,0
upholder,vip,0
ali_baba,underestimate,0
amanita_phalloides,whiskey_bottle,0
tomato_plant,mango,0
galeorhinus_zyopterus,sagittate-leaf,0
gnosticism,genus_vaccinium,0
quick_bread,philip_roth,0
uzi,propitiousness,0
genus_gempylus,dog_show,0
helmholtz,antennaria_dioica,0
common_stinkhorn,petrocoptis,0
sluicegate,misconstrual,0
spasmolysis,fugitive_from_justice,0
hymenopteran,australian_nettle_tree,0
gran,rosid_dicot_family,0
cascade_penstemon,nephron,0
fragility,hobo_camp,0
sanitation,great_year,0
arcsin,shank's_pony,0
railroad_worm,criminology,0
booster_shot,sq_ft,0
fish_house_punch,animalism,0
hedera_helix,elizabeth_sanderson_haldane,0
chicken_purloo,genus_tamarindus,0
epimetheus,jacques_francois_antoine_ibert,0
snellen_test,type_o,0
matzoh_meal,theodosius_the_great,0
trablous,public_easement,0
west_coast,silver_wedding_anniversary,0
spectrometer,crested_swift,0
sir_arthur_conan_doyle,family_cyprinodontidae,0
american_maidenhair_fern,adsorption,0
homopteran,fizz,0
john_bardeen,clearance_sale,0
turdus_greyi,blue_sky,0
eliminator,ellipticity,0
tyto_alba,opposite_number,0
albert_camus,gospel_according_to_john,0
boeuf_fondu_bourguignon,walkover,0
william_claire_menninger,air_cleaner,0
sonora_gum,rose_mallow,0
phyllostachys,netminder,0
idealisation,canna_lily,0
heliotype,voiding,0
mailboat,mobilisation,0
streptocarpus,bronte,0
ginglymostoma,historic_period,0
de_jure_segregation,star_chamber,0
ocean_sunfish,government_issue,0
theatrical_season,bosun,0
pritzelago_alpina,sillaginidae,0
canola,cyanophyta,0
lagos,lounger,0
neutral,place_of_business,0
southern_tai,genus_beroe,0
class_zygomycetes,field_scabious,0
muscle,macrothelypteris,0
brachystegia,embioptera,0
algebraist,eggwhisk,0
raider,tourist_court,0
n-type_semiconductor,mammillaria,0
clement_xi,hepatomegaly,0
steroid,motown,0
cricket-bat_willow,merlon,0
road_agent,sacral_plexus,0
multiprocessor,louis_joliet,0
lobate_foot,thorny_skate,0
bobby_jones,ophisaurus,0
thomas_de_quincey,cinchona,0
mephaquine,striated_muscle_cell,0
processor,pants,0
goo,feast_of_weeks,0
harness_horse,gazillion,0
stomper,guinevere,0
naval_unit,magnolia_virginiana,0
unionidae,gothite,0
rosh_hashonah,snake-rail_fence,0
merops,hypericum_spathulatum,0
valkyrie,ashcan,0
neon_tube,vegetarian,0
street_girl,thread_maker,0
pretending,sweet_four_o'clock,0
industrial_revolution,cover_slip,0
zygnemataceae,kildeer,0
camera_care,chesterfield,0
glycogen,bathing_cap,0
descensus,lingo,0
lingualumina,optics,0
friendliness,verdin,0
midas,narcosis,0
hyperdactyly,juggling,0
ginglymus,president_theodore_roosevelt,0
momotidae,geranium_robertianum,0
common_rush,diploma,0
resort_hotel,genus_lates,0
nightshirt,sex_cell,0
stretcher-bearer,schilling,0
galahad,drinking_age,0
prison_house,genus_brachystegia,0
deanery,mock-heroic,0
capaciousness,call-back,0
mandela,joint-stock_company,0
banded_sand_snake,garlic_sauce,0
strafer,alms_tray,0
rockefeller,city_of_london,0
buffer_storage,genus_napaea,0
alliance,flutist,0
saccharinity,spathe,0
dessert_apple,cithern,0
euler,physiological_nystagmus,0
vena_brachialis,orange_tree,0
common_barberry,european_black_currant,0
phthalic_anhydride,zydeco,0
pierre_auguste_renoir,delegate,0
whiff,genus_aethusa,0
silk_vine,animal_skin,0
seigneury,litoral,0
bullock's_oriole,vertical_bank,0
genus_roccus,alcohol_radical,0
cyanide_poisoning,swan_orchid,0
richard_errett_smalley,agronomist,0
surgical_seam,scalpel,0
pedagogue,selaginellales,0
spreading_dogbane,federal_trade_commission,0
choloepus_didactylus,newsreel,0
capital_of_greece,mcluhan,0
hiring_freeze,inhalation,0
high-water_mark,q_fever,0
pteriidae,raynaud's_sign,0
low_countries,rank-order_correlation,0
abraham's_bosom,associate_in_applied_science,0
vegetable_silk,hollander,0
coral_root,associate_professor,0
hardcover,yellowish_green,0
condensation,patriarchal_cross,0
consulting_company,elanoides,0
snowcap,european_larch,0
pediment,callitris_endlicheri,0
drepanocytic_anaemia,squattiness,0
longroot,benedict_arnold,0
psychopomp,american_bittern,0
everglades_national_park,bibliopolist,0
genus_dinornis,lomustine,0
group,interior_door,0
genus_lagorchestes,fine_structure,0
spanish_burgoo,thomas_jonathan_jackson,0
in,valiance,0
runtiness,bush_leaguer,0
magnetosphere,monotropa_uniflora,0
servitor,order_octopoda,0
ravisher,ship_biscuit,0
sea_starwort,commons,0
canada_thistle,black_locust,0
blue_moon,carlovingian_dynasty,0
hardliner,fritillaria_parviflora,0
majesty,gastric_juice,0
black-necked_cobra,tincture,0
home_plate,american_rock_brake,0
lignite,querier,0
gregarinida,possessive,0
genus_melopsittacus,hypericism,0
poppy_family,le_chatelier's_principle,0
landing_flap,hobo,0
power_structure,counselorship,0
canarese,kechuan,0
hoary_alyssum,iron_age,0
eucalyptus_amygdalina,axletree,0
swale,indefinite_integral,0
aegypiidae,dietrich,0
containment,genus_anisotremus,0
plumage,blantyre,0
absolute,family_oedogoniaceae,0
disproof,arizona_wild_cotton,0
hmg-coa_reductase,inflection,0
therapeutic_abortion,ataractic_agent,0
jean_honore_fragonard,newsvendor,0
adiantum_tenerum,detective_agency,0
weather_condition,leveraging,0
american_sign_language,vertical_combination,0
berating,gc,0
joyce,collinsonia_canadensis,0
richard_the_lionheart,family_motacillidae,0
electric_motor,breuer,0
genus_tamandua,unwieldiness,0
kerb_crawler,gilbert_murray,0
bone_black,luminal,0
genus_calochortus,scomber_scombrus,0
voluntary_muscle,lug,0
cocoanut,myotonia,0
phrasing,violin_maker,0
cola,orbiculate_leaf,0
hyades,fosterling,0
mattress_cover,latten,0
tyrothricin,barn_door,0
genus_haldea,fingerspelling,0
green_broom,lip_synch,0
wicket_gate,egalitarianism,0
pinscher,grey_mullet,0
gingersnap,tyrannus_domenicensis_domenicensis,0
discount_store,vice-presidency,0
harold_hart_crane,mullah_mohammed_omar,0
myxocephalus_aenaeus,slaughter,0
square_foot,reformatory,0
outdoorsman,vernix,0
common_murre,cartagena_bark,0
unit_character,syndicalist,0
collards,frazzle,0
arrogance,procellariiformes,0
newborn,drover,0
capra_ibex,robaxin,0
keratalgia,flag-waver,0
natural_theology,st._kitts_and_nevis,0
duomo,cypripedium_reginae,0
buckeye,bowling_ball,0
gyrostabilizer,gavialis_gangeticus,0
hang,nelson_rolihlahla_mandela,0
peal,kenneth_grahame,0
home_equity_credit,sakti,0
lower_class,telephone_bill,0
diabetic,sweet_shrub,0
yellow_watercress,free_weight,0
stephane_mallarme,glinka,0
scarp,assembly_line,0
academy_of_motion_picture_arts_and_sciences,unary_operation,0
sheet_piling,family_hypoxidaceae,0
rosinweed,tropical_rain_forest,0
miniature_schnauzer,bioassay,0
exterior_door,philippi,0
dew_worm,frederick_william,0
modal_auxiliary_verb,entrepreneur,0
sea_creature,martingale,0
one,atomic_number_3,0
earthstar,hydantoin,0
abo_antibodies,john_dewey,0
pirate_ship,corporate_executive,0
phase_i,phot,0
principle_of_relativity,vin_ordinaire,0
rumble_seat,humoring,0
athletic_training,alfred_kroeber,0
slogger,donna,0
allergology,tetragonurus,0
ceratonia_siliqua,megalocephaly,0
royal_blue,juniperus_virginiana,0
swamp_fly_honeysuckle,hopsack,0
brag,hyaline_cartilage,0
perigonium,genus_haemodorum,0
aram_khachaturian,optic_tract,0
mentha_rotundifolia,dentist,0
breadbasket,cercocebus,0
family_funkaceae,hyperacusia,0
quartering,jimmy_stewart,0
odovakar,durer,0
sir_karl_raimund_popper,war_of_the_austrian_succession,0
technophobe,dinghy,0
space-reflection_symmetry,woodenware,0
loggerhead,naught,0
mosan,phylum_chaetognatha,0
taxonomist,peppered_steak,0
adjuration,thrust_fault,0
rashness,killifish,0
pelt,dissolving_agent,0
infrared_radiation,peeping_tom,0
order_percomorphi,maria_callas,0
bailey,concreteness,0
standing_ovation,nuclear_physicist,0
mulwi,sausage_curl,0
tanacetum_cinerariifolium,special_delivery,0
maze,suborder_heteroptera,0
ruggedisation,quadroon,0
bass_viol,acoustic_resistance,0
masse_shot,open_door,0
y_chromosome,elbow_bone,0
auriscope,pineapple_weed,0
toucan,platalea_leucorodia,0
newspaper_clipping,camaraderie,0
obi,chelyabinsk,0
maturation,adding_machine,0
bromeliaceae,dowdy,0
carrageenin,vena_canaliculi_cochleae,0
deceleration,george_washington_carver,0
poison_bush,alexander_graham_bell,0
analog_computer,belgian_beef_stew,0
laughing_gas,subfamily_perdicidae,0
mri,budge,0
chilli,cola,0
first_strike,atomic_number_53,0
sieur_de_lasalle,article_of_clothing,0
kidney_stone,escape_cock,0
carbon_dating,university_of_pennsylvania,0
barong,oink,0
lorgnette,orpheus,0
doryopteris,rubus_ursinus_loganobaccus,0
earleaved_umbrella_tree,hooded_skunk,0
cab,chinese_evergreen,0
fragaria_ananassa,stupid,0
cataflam,nonsteroidal_anti-inflammatory,0
mitosis,modesty,0
franz_schubert,cam_river,0
underexposure,diminutiveness,0
lithocarpus_glaber,clyde_tombaugh,0
kaluga,tristan_tzara,0
family_salmonidae,incessancy,0
deconstructionism,pithead,0
walking,smooching,0
george_wells_beadle,interim,0
coordination,gerard_manley_hopkins,0
choloepus_hoffmanni,obverse,0
crocheting,diophantus,0
atonalism,phytophthora_infestans,0
spree,palace_car,0
american_angelica_tree,capelin,0
creatin,freedman,0
plaudits,caffre,0
sneakiness,primary_dysmenorrhea,0
peanuts,mattress_cover,0
robe,picris_echioides,0
glandular_plague,alms_box,0
blending,genus_lophophorus,0
longbeard,despatch,0
toy_industry,union_army,0
stenochlaena,pink_lady,0
property_right,cycas_revoluta,0
womanlike,refried_beans,0
magnetic_core,tovarich,0
paving_material,external_iliac_vein,0
peziza_domicilina,argasidae,0
hindu_numeral,swallow_wort,0
prow,transamination,0
insecurity,laureate,0
cane_sugar,chariness,0
blennioid_fish,double_eagle,0
genus_felicia,mendelianism,0
florida_yew,hilltop,0
echinochloa_frumentacea,cromlech,0
charlatan,shut-eye,0
naphthalene,red_silk-cotton_tree,0
theory_of_electrolytic_dissociation,log_cabin,0
tampering,john_haldane,0
cecropia_moth,monozygous_twin,0
carhop,crochet,0
tettigoniid,pix,0
leptotyphlops,eliomys,0
genus_tribolium,ezra,0
genus_ramalina,brutality,0
pack_riding,bowling_shoe,0
electronic_instrument,nagano,0
pruning_shears,serial,0
four-o'clock_family,trait,0
ankle_joint,chuckhole,0
end_run,acolyte,0
squatness,little_clubmoss,0
alstonia_scholaris,state_of_eritrea,0
dscdna,pork_belly,0
visual_range,latin_cross,0
acer_campestre,roundup,0
makaira_mitsukurii,rhodopsin,0
t-man,william_wymark_jacobs,0
malcolm_x,subdivision_taxophytina,0
canaliculus,counterclaim,0
kb,barbara_wertheim_tuchman,0
hemipterous_insect,chinese_black_mushroom,0
minute_steak,genus_sisymbrium,0
lobscouse,quaking_aspen,0
sir_richrd_steele,mohammed_reza_pahlevi,0
transducer,law_firm,0
lien,sildenafil,0
cd_player,methaqualone,0
class_amphibia,gerald_r._ford,0
lymphocytic_choriomeningitis_virus,family_ochnaceae,0
hornets'_nest,northern_lobster,0
biliousness,drawing_paper,0
canopus,antihemophilic_globulin,0
crossopterygian,outaouais,0
windtalker,photopigment,0
moth_bean,nod,0
concentration_camp,nombril,0
emberiza,tacheometer,0
tatar,caruncle,0
striate_vein,holistic_medicine,0
kennedy_international,natural_resources,0
tribade,genus_piqueria,0
durra,giant_garlic,0
bullet_train,wire_glass,0
shelterbelt,genus_pyrethrum,0
resting_potential,shabbiness,0
wheeze,wireworm,0
booker_taliaferro_washington,palaeobotany,0
barbados_cherry,cheshire_cat,0
atlas,goniometer,0
rose_globe_lily,acoustic_projection,0
psychomotor_epilepsy,genus_dermochelys,0
antiestablishmentism,council_of_constance,0
spoiler,bureau_of_justice_assistance,0
hoop_ash,atomic_number_87,0
borzoi,black_september_movement,0
mapmaking,hemlock_tree,0
earth_color,luffa,0
onychosis,leaf_insect,0
cloisonne,beard_moss,0
epiphenomenon,techno,0
misery,work-clothing,0
bootjack,jacques_offenbach,0
roller_blind,rouser,0
first_baron_passfield,alexander_ii,0
teak,webb,0
maldive_islands,genus_paris,0
acute_accent,androgeny,0
roost,logbook,0
patching,temperature,0
plectrophenax,totten_trust,0
installation_charge,bulawayo,0
time-fuse,etiquette,0
genus_hynerpeton,wild_marjoram,0
black_diamond,genus_okapia,0
electrolytic_condenser,genus_heleodytes,0
broccoli,fireroom,0
gobiesocidae,rataplan,0
yellow-eyed_grass,honduran_monetary_unit,0
echeneididae,urinal,0
dildo,front_room,0
otorhinolaryngology,irenaeus,0
watered_stock,phytelephas_macrocarpa,0
staff_tree,ruta,0
genus_staphylococcus,parvati,0
defiler,washing_machine,0
non-jew,doormat,0
salvia_reflexa,power_politics,0
strawman,wild_basil,0
genus_lemaireocereus,blog,0
pocket_money,amarillo,0
genus_lambis,binge-eating_syndrome,0
genus_sphyrapicus,german_pancake,0
football_stadium,genus_carpobrotus,0
bugologist,endosperm,0
coach_house,musette,0
brownshirt,swedish_iron,0
pierre,downstroke,0
thomas_carlyle,eddo,0
chlorhexidine,vestibular_system,0
effleurage,nictitating_membrane,0
henry_ford,brown_hyena,0
circular_saw,traducement,0
clustered_bellflower,thielavia_basicola,0
dissoluteness,kaolin,0
psychometrics,ichthyosauria,0
kinesiology,sulfacetamide,0
second_coming_of_christ,white_admiral,0
hirschfeld,body_lotion,0
hepadnavirus,missouri_goldenrod,0
dot-com,genus_besseya,0
cagliostro,shimmer,0
the_hots,blenniidae,0
akwa'ala,yastrzemski,0
american_dwarf_birch,jointure,0
ice,geologic_process,0
bugger,native_holly,0
high_technology,valley,0
split-pea_soup,thomas_malory,0
para_i,redfish,0
frying_pan,northwest_by_west,0
iron_mold,smilax,0
rhombus,bilgewater,0
procarbazine,goose_grease,0
suprematism,thomism,0
cytosine,baluchi,0
family_alstroemeriaceae,pterocles,0
sequin,chauffeuse,0
tool,spengler,0
matchup,aertex,0
pin_wrench,aquamarine,0
prociphilus_tessellatus,rubiales,0
gironde,methylenedioxymethamphetamine,0
mary_wollstonecraft_godwin,least_sandpiper,0
springing_cow,nongovernmental_organization,0
golden_buttons,yajur-veda,0
radiant_flux,tompion,0
atlas,cox-2_inhibitor,0
meyerhof,autobus,0
palestine_islamic_jihad,orff,0
expense_record,canadian_goldenrod,0
parvo,beaver_fur,0
edward_iii,spring_cankerworm,0
marsala,water_vascular_system,0
atomic_number_15,shy_person,0
fda,apsu,0
sissiness,horned_pout,0
solea,make,0
variolation,qat,0
electroencephalogram,beer,0
blossoming,gunrunner,0
division_spermatophyta,collet,0
farsightedness,spastic,0
umbrella_arum,trance,0
ululation,laudator,0
az,north_germanic,0
hydromantes,dotted_gayfeather,0
milch_cow,thylogale,0
dasyurus,ammobium,0
monsignor,sorghum_vulgare_technicum,0
chrysanthemum_leucanthemum,minn.,0
diamond_wedding,matrix_printer,0
nob_hill,intuition,0
caravansary,family_myxophyceae,0
salvia_leucophylla,sheet-metal_work,0
open_society,connoisseurship,0
moment_of_a_couple,maffeo_barberini,0
tosk_dialect,wheeling,0
melanitta_nigra,growth_rate,0
cargo_cult,melicocca,0
yokohama,star-of-bethlehem,0
family_threskiornithidae,throughway,0
icelandic_monetary_unit,homemaking,0
genipa,limnodium_spongia,0
computerized_axial_tomography,ticket_line,0
fair_copy,eosinopenia,0
lilium_pardalinum,gunny_sack,0
wristband,fruit,0
swamp_dewberry,tweedledee_and_tweedledum,0
order_of_saint_benedict,rainbow_perch,0
lateen-rig,oliver_wendell_holmes,0
masculinization,odocoileus,0
cargo_hatch,lynx_lynx,0
ormosia,rameses_ii,0
simoom,phoeniculus,0
drill_instructor,suborder_myxiniformes,0
workplace,sturdiness,0
fasting,panhandler,0
bile_salt,window_sash,0
salamandra_atra,hygroton,0
windbreak,fund-raising_campaign,0
glass_eye,saphead,0
regur,tacheometer,0
em_quad,generalist,0
tartary,pajama,0
pneumogastric_nerve,timberline,0
choppiness,brassica_rapa_ruvo,0
bearberry_willow,barite,0
dirtying,body_substance,0
lorenz,freedom_fighter,0
code,kilobit,0
order_diptera,mason_city,0
acclimation,fragrance,0
genus_chimaera,marx,0
tactility,silene_acaulis,0
genus_echeneis,cat_rig,0
mastotermitidae,gulf_of_sidra,0
single_bed,doubling,0
time_plan,nonsteroidal_anti-inflammatory,0
proclivity,labour,0
heaving,countercurrent,0
rupert_brooke,compsognathus,0
beta_test,gridiron-tailed_lizard,0
epicycle,order_crocodylia,0
iranian_dinar,comedy,0
coefficient_of_friction,blastomyces,0
stall_bar,quercus_variabilis,0
craniometer,ribbon_tree,0
hood,polaroid_camera,0
usumbura,anisoptera,0
family_practice,boatmanship,0
family_talpidae,harrisburg,0
monolith,stealth_bomber,0
alienation,lasiocampa,0
tip_in,rock_rose,0
rain_tree,genus_vallisneria,0
liver,kola_peninsula,0
large_crabgrass,genus_clitoria,0
paul_johannes_tillich,lilium_catesbaei,0
coccothraustes_coccothraustes,hemizygous_vein,0
chrestomathy,curtain_call,0
imaginative_comparison,wilhelm_apollinaris_de_kostrowitzki,0
family_capsidae,air_attack,0
marie_joseph_paul_yves_roch_gilbert_du_motier,odobenus_rosmarus,0
traffic_court,draught_horse,0
order_hypermastigina,clawhammer,0
cupric_sulfate,bean_dip,0
command_guidance,marsh_marigold,0
old_world,salvinia_rotundifolia,0
haiti,genus_lupinus,0
presbytes_entellus,electron_beam,0
courtesy,organizer,0
cristoforo_colombo,pillaging,0
phoca_vitulina,tie-up,0
corixa,high-mindedness,0
azerbajdzhan_republic,parathormone,0
red-green_colour_blindness,craven,0
genus_sphacelotheca,withers,0
dulciana,linear_operator,0
food_grain,lobbying_expense,0
root_word,banking_concern,0
entablature,chambered_nautilus,0
suicide_squeeze,lari,0
world-beater,pterygoid_muscle,0
trimurti,fixing_agent,0
magistracy,dangling_participle,0
blue_pickerel,uzbak,0
sialis_lutaria,tigers,0
flat_wash,trichloride,0
edger,glossarist,0
genus_helvella,offertory,0
oliver_heaviside,tall_white_violet,0
profitableness,blink,0
timorousness,rolf,0
mt_etna,breather,0
toea,hunter's_chicken,0
opinion_poll,fragrant_agrimony,0
family_ariidae,resort_hotel,0
circumvolution,support_level,0
absinth,genus_oxyura,0
director_of_research,anticholinergic_drug,0
trema,bryaceae,0
eupatorium_maculatum,halocarpus,0
pediatrist,western_whiptail,0
sagittariidae,mitella,0
church_mouse,genus_actaea,0
fipple,fear,0
agraphia,phylum_protozoa,0
school_text,john_keble,0
bluegrass_state,phantasma,0
fumaria_sempervirens,president_mckinley,0
friedrich_wilhelm_nietzsche,shillyshally,0
hire_car,connection,0
theodosius,short_division,0
digression,truckage,0
cooking_pan,argiope,0
infant_mortality,chanfron,0
carry-over,ambergris,0
leap,ovis_canadensis,0
circis_siliquastrum,cow_parsley,0
clutch_pedal,atlantic_halibut,0
comedy_ballet,people's_republic_of_china,0
duffle_bag,overburden,0
bur_grass,malmsey,0
sales_finance_company,prefect,0
bigeye,flare_pass,0
genus_prenanthes,nasalis,0
artery,gonorhynchidae,0
point_of_periapsis,tennis_lesson,0
caudate,tea_family,0
class_hemiascomycetes,triphammer,0
red_onion,galeocerdo,0
uniocular_dichromat,practice_game,0
peritrate,thales,0
light_company,iris_persica,0
silky_willow,family_magnoliaceae,0
attractor,anasazi,0
slug,aggravated_assault,0
permutableness,caulophyllum_thalictroides,0
fasciolidae,enate,0
slave_owner,subway_station,0
coefficient_of_self_induction,genus_sceliphron,0
cyprinid_fish,genetic_profiling,0
petrology,official_emissary,0
port_of_call,plexus_pulmonalis,0
willow_tree,dandie_dinmont,0
telephoner,belgian_endive,0
bank_manager,wilding,0
maxwell-boltzmann_distribution_law,asafetida,0
plexus_myentericus,practice_game,0
mother-of-pearl_cloud,tzar,0
asclepias_curassavica,deoxyguanosine,0
noyes,genus_limnobium,0
matchmaker,permeation,0
spondylolisthesis,jacques_lipchitz,0
blennius,stockyard,0
anodonta,christmas_tree,0
grevillea,unavailability,0
moukden,genus_amoeba,0
celesta,micron,0
arabidopsis_thaliana,albedo,0
puglia,war_of_the_league_of_augsburg,0
impermeableness,plantago_rugelii,0
mustache_cup,podocarpus_elatus,0
liana,true_sandalwood,0
rose_moss,mohammad,0
cjd,genus_episcia,0
cigar_box,samarium,0
ceramic_ware,glacial_epoch,0
pillar_of_islam,sardina,0
genus_elanoides,turnip_bed,0
bolero,orange-juice_concentrate,0
accruement,platichthys_flesus,0
time_immemorial,j._c._maxwell,0
signaler,genus_amphiuma,0
golden_oak_mushroom,demographic,0
orly,antonio_lucio_vivaldi,0
face_mask,orange_free_state,0
toilet_roll,steatornis_caripensis,0
head_honcho,popularity_contest,0
waugh,meadow_pipit,0
guacamole,family_sphingidae,0
obiter_dictum,juniperus,0
calisaya,t-square,0
carya_illinoinsis,apadana,0
albrecht_durer,protest,0
hyson,grazing_land,0
sou'-sou'-east,occupation,0
clobber,hereditary_disease,0
king_post,spotted_bat,0
tagamet,salicylate,0
towline,beethoven,0
hadean_time,convenience_store,0
federal_home_loan_bank_system,groucho,0
plainsman,hypericum_gentianoides,0
electric,lobachevsky,0
self-expression,stereophonic_system,0
grassfinch,equus_caballus_gomelini,0
good_time,hood_latch,0
international_finance_corporation,allograft,0
stairway,plasterwork,0
quantifiability,leister,0
genus_conoclinium,generalist,0
capitol_reef_national_park,freckle,0
mouthpart,parnassia_fimbriata,0
maginot_line,egyptian_henbane,0
radiatio_optica,vicarage,0
holy_person,watermelon,0
scarlet_lychnis,coccyzus,0
boardwalk,family_eriocaulaceae,0
sonata_form,procaryote,0
garbage_collection,leroy_robert_paige,0
jack_crevalle,serve,0
lacteal,felis_domesticus,0
playing_field,foetal_circulation,0
bantamweight,divinyl_ether,0
vertical_stabiliser,serratula_tinctoria,0
grey_mullet,embiotocidae,0
mastopexy,thoroughbred_racing,0
tightrope_walking,luff,0
squish,dec_24,0
oxidation,cattle_thief,0
florist's_gloxinia,genus_pisonia,0
bachelor_of_medicine,drip_loop,0
dextrocardia,guillotine,0
guinea_worm_disease,posology,0
nuphar,supertonic,0
rain-giver,sir_john_carew_eccles,0
pinyon,trialeurodes,0
theodosius_i,radius_of_curvature,0
pyrexia,sidestep,0
family_nostocaceae,wyethia_helianthoides,0
bottom_rot_fungus,stranger,0
william_felton_russell,dense-leaved_elodea,0
taccaceae,fountainhead,0
curtis,diplomatic_service,0
ultimateness,genus_campanula,0
wordfinder,curry_powder,0
von_sternberg,susan_b._anthony,0
sitka,limicoline_bird,0
aspartic_acid,mortgager,0
shittimwood,aoudad,0
rhamnales,burial,0
obstacle,hornet's_nest,0
superficiality,tank_suit,0
young_bird,flavone,0
rock_maple,fast_one,0
speciousness,matthew_walker_knot,0
hydnocarpus_oil,caveat_emptor,0
guttiferales,angle_of_attack,0
peacock_butterfly,ninety,0
hordeum,defoe,0
coccobacillus,penn'orth,0
epidermal_cell,blintz,0
guide,sewing_machine,0
slinging,lake_bed,0
remote-control_bomb,murillo,0
anesthesia,cezanne,0
ulmus,marino,0
animalization,dangleberry,0
hydrocarbon,amyloid_protein_plaque,0
track_and_field,louis,0
vat,whistle_stop,0
data_converter,anvers,0
ball_field,california_tree_poppy,0
beholding,jean_baptiste_donatien_de_vimeur,0
outside_caliper,ithaca,0
naturopath,noble,0
hare_wallaby,allotrope,0
eric_blair,family_calliphoridae,0
rule_of_evidence,sponge_bath,0
woolly_apple_aphid,charles_stuart,0
tectaria_macrodonta,riverbank,0
additive,heat_of_sublimation,0
balibago,cashier's_cheque,0
iou,erigeron_annuus,0
republic_of_poland,brackishness,0
iambus,interstellar_space,0
suborder_ornithomimida,antilope_cervicapra,0
fur_hat,weapons_platform,0
workweek,second_string,0
chanukkah,rock_barnacle,0
non-issue,o'flaherty,0
northwest_by_north,sellout,0
nondriver,os_scaphoideum,0
sir_stephen_harold_spender,plagiarist,0
common_fate,mount_pinatubo,0
urinary_retention,bluegrass_region,0
aliterate,manson,0
corps_de_ballet,aepyornidae,0
certified_public_accountant,robot_bomb,0
tv_announcer,military_pace,0
acceptation,shanty,0
water_butt,balldress,0
substance,analyzer,0
rat_terrier,feathering,0
acetanilid,pump_well,0
drippage,thomas_hart_benton,0
citrullus,ent_man,0
st._matthew,genus_cricetus,0
fetal_age,joy,0
carmine,gradation,0
inula,ascent,0
colocasia,spruce_pine,0
opportunity_cost,race_problem,0
autostrada,brief,0
outcome,hoot,0
topography,blackwash,0
oarlock,rowlock_arch,0
gravity_fault,pneumoconiosis,0
navel_point,ostrich_fern,0
ice_needle,writing_table,0
smoothie,flesh,0
nickel_alloy,painted_desert,0
actor's_line,carpet_moth,0
xenotime,thaumaturgist,0
meadow_saxifrage,cranberry_culture,0
saxicola_rubetra,slicker,0
william_gilbert,mammalia,0
saleroom,gamba,0
negara_brunei_darussalam,baseball_player,0
hank_panky,juncaceae,0
french_kiss,truism,0
western_grey_squirrel,linus_carl_pauling,0
gerald_rudolph_ford,william_tell,0
indigirka_river,order_colymbiformes,0
anabas,tobacco_thrips,0
oligodendria,gheg_dialect,0
nancy_mitford,ticktacktoe,0
varmint,anencephaly,0
helen,abashment,0
sis,gloomy_gus,0
honor_killing,rubato,0
bounteousness,squalor,0
compassionateness,bog_rosemary,0
inertial_navigation_system,black_angus,0
butter_daisy,postage_stamp,0
muffin_man,foreground_processing,0
pasteurellosis,rascality,0
mincer,nanna,0
green-eyed_monster,iron_age,0
prophyll,sketcher,0
jungle_gym,cold_storage,0
kilovolt-ampere,changan,0
pudendal_cleft,feather_palm,0
william_hyde_wollaston,genus_ostryopsis,0
amentia,splayfoot,0
off-broadway,oversupply,0
parietaria_difussa,sloe_gin,0
slip-up,ptomaine_poisoning,0
trophozoite,megabit,0
shute,gastropod,0
pilularia_globulifera,little_bighorn,0
december,histamine_headache,0
howard_carter,frederick_i,0
viraemia,john_huss,0
mick_jagger,macrozamia,0
susa,vapor,0
corvidae,calosoma_scrutator,0
accessory,porto_novo,0
pyrrhotite,battlesight,0
satang,hamamelis_virginiana,0
cider_vinegar,sorbate,0
dorsal_scapular_vein,lemon_juice,0
hibiscus_farragei,down_payment,0
meninges,nail-tailed_wallaby,0
common_apricot,high-five,0
muster_call,aries_the_ram,0
bradstreet,plagianthus_betulinus,0
feigning,senega_snakeroot,0
simple_interest,genus_plectrophenax,0
conciseness,provera,0
doc,launch_pad,0
asbat_al-ansar,bonasa,0
harvester,spur_gear,0
mickey,burberry,0
drug,adolf_windaus,0
order_plecoptera,pygmy_marmoset,0
cuquenan,mid-april,0
review,bronco_buster,0
mugil_curema,bush_willow,0
daisybush,orthopaedics,0
lobster_plant,honeydew_melon,0
galvanic_cell,contextual_definition,0
national_climatic_data_center,genus_stephanotis,0
oyster_bank,sedimentary_rock,0
barracuda,edward_jenner,0
margin_of_safety,cadger,0
hyperpigmentation,blushing_mushroom,0
gravidness,church-state,0
seeder,determinateness,0
acquired_reflex,health_facility,0
eagle_scout,speakerphone,0
sea_of_azov,apple_jelly,0
surtitle,melospiza_georgiana,0
swift,sundae,0
butterfly_ray,chrome_alum,0
danaea,arjuna,0
genus_bradypus,arsenous_anhydride,0
hepatica,canangium,0
genus_abelmoschus,grab,0
chu_kiang,homogeneous_polynomial,0
gondolier,john_masefield,0
shammy_leather,enosis,0
anguillula,sticktight_flea,0
san_fernando_valley,wollaston_prism,0
passiflora_mollissima,visit,0
devil's_cigar,caladium_bicolor,0
special_weapons_and_tactics_squad,bosc,0
hideaway,spirometer,0
ndjamena,background_signal,0
sundial,alimony,0
french_bean,genus_camelus,0
mystery_story,tuppence,0
french_oceania,ampere-turn,0
liver_chestnut,davallia_mariesii,0
clevis,state_of_bahrain,0
plumbago_europaea,formicarius,0
nudeness,choking,0
trailer_park,khadafy,0
tipple,cupule,0
gnaphalium,esophagogastric_junction,0
mining_company,carob_bar,0
genus_parus,suicide,0
family_sterculiaceae,hyssop_oil,0
spaceman,dacrydium_cupressinum,0
raymond_thornton_chandler,middle_distance,0
alpinism,genus_poecilocapsus,0
shrewishness,search_language,0
live-bearer,origanum,0
given_name,order_charadriiformes,0
vangueria,quatercentenary,0
chasuble,altazimuth,0
manchu,white-topped_aster,0
drawing_off,shirer,0
apple_butter,chapel_hill,0
miniature_poodle,foul_line,0
ngf,retraction,0
genus_notechis,pier,0
frequence,siberian_larch,0
palas,gray_flounder,0
clarence_darrow,kingdom_protoctista,0
arales,dwarf_maple,0
genus_marrubium,philippine_cedar,0
bandwagon_effect,eclipse,0
firmware,freudian_psychology,0
honest_woman,defoe,0
lutefisk,chafing_dish,0
homograph,deoxyadenosine_monophosphate,0
oblique_vein_of_the_left_atrium,david_garrick,0
genus_tussilago,major_planet,0
obidoxime_chloride,bigfoot,0
olea,kraurosis_vulvae,0
mandeanism,moniliasis,0
blank_space,buttonhook,0
quadrant,cereal,0
sir_alfred_hitchcock,magna_charta,0
clubroom,trichys,0
genus_telopea,axle_grease,0
boondoggle,jack-o'-lantern,0
mesalliance,cottage_industry,0
indian_bean,leydig's_cell,0
ball_club,venturi_tube,0
thaddaeus,motherwort,0
wiggler,caning,0
horatio_nelson,methyltestosterone,0
cynoglossum_amabile,hindemith,0
moon_shot,strawberry_tree,0
outskirts,abruption,0
unconscious,coral_drops,0
area,bevel_square,0
mediacy,darlingtonia_californica,0
par,genus_filago,0
riemann,spelaeologist,0
sprite,legal_relation,0
tamarind,ligustrum_amurense,0
magnetic_compass,thick,0
urosaurus_ornatus,elaeocarpus_family,0
antigen,dollar_volume,0
silverspot,cetrimide,0
marinara,southern_triangle,0
large_number,capitol_reef_national_park,0
paring,orthodonture,0
rose_pink,global_positioning_system,0
want_ad,occultism,0
oboist,eastern_red-backed_salamander,0
licensing_fee,bw,0
w.c.,william_hazlitt,0
twofer,boxing_ring,0
triassic,ted_williams,0
nephrolepis_pectinata,prevue,0
exobiology,showroom,0
plexus_lumbalis,susurration,0
ulan_bator,promethium,0
plf,heliothis_moth,0
genus_ginglymostoma,living_death,0
pigskin,dacrymycetaceae,0
mucocutaneous_leishmaniasis,school_paper,0
ripping_chisel,shwa,0
celsius,legal_code,0
presley,quran,0
sazerac,genus_ascaris,0
neurolinguistics,nitta_tree,0
pitch_black,baccharis,0
matrix_multiplication,be,0
betty_naomi_friedan,capital_of_new_hampshire,0
doctor-patient_relation,estimator,0
winslow,box_number,0
danube_river,genus_hedysarum,0
new_zealand_beech,rationalism,0
genus_pithecellobium,tridymite,0
athanasius_the_great,totterer,0
gallinaceous_bird,european_goatsucker,0
facial_nerve,castanea_chrysophylla,0
cephalotaxaceae,ascii_character_set,0
parathelypteris_simulata,misogamist,0
circe,ebony,0
galley_slave,academic_session,0
shmear,cebuella,0
squash_vine,rock_and_roll,0
farming,salutatory,0
systematics,manner_name,0
conciliation,allium_ascalonicum,0
dasyurid,nonsolid_color,0
scuffle_hoe,septenary,0
canaanite,monozygotic_twin,0
chilly,genus_solidago,0
seat_cushion,vanadium_steel,0
vitaceae,genus_olfersia,0
melilot,bookshop,0
east_river,giotto_di_bondone,0
honduras,french_window,0
anisogamy,nonacceptance,0
ornithopod_dinosaur,brachiopoda,0
descending_node,cape_dagga,0
henbit,prince_klemens_wenzel_nepomuk_lothar_von_metternich,0
land_area,ineligibility,0
shawl,scammer,0
protective_embankment,pentode,0
snap_pea,sophisticate,0
boy_scouts_of_america,mishpachah,0
david_hartley,genus_echeneis,0
cottus,field_speedwell,0
criminology,battle_of_spotsylvania_courthouse,0
japanese_andromeda,gastrin,0
polygala,shophar,0
bat_mitzvah,alarm_clock,0
roast,atomization,0
volleyball_player,gene,0
sledding,molucca_balm,0
exemplary_damages,serinus_canaria,0
melancholy,oftenness,0
elm_family,lactation,0
algarroba_bean,three-ring_circus,0
dravidian,francois_maurice_marie_mitterrand,0
lookout_man,huig_de_groot,0
omar_bradley,be-all_and_end-all,0
drive_line,marvel-of-peru,0
alpha_foetoprotein,bryonia_dioica,0
arousal,maceration,0
naive_art,perseus,0
gael,red_laver,0
conic,contrast_material,0
muscular_structure,sting,0
oenanthe_crocata,afferent,0
amorousness,bird-on-the-wing,0
genus_galax,tibicen,0
mandatory,malignant_hepatoma,0
celestial_sphere,belmont_park,0
thumbhole,sheetrock,0
bracelet,middle,0
genus_utahraptor,dockside,0
nickel_alloy,blatancy,0
surliness,tout,0
pituitary,loloish,0
bihar,seats,0
galbanum,box_elder,0
john_mcgraw,kurt_godel,0
disability,gambling_contract,0
clavichord,elanoides,0
counterproposal,watch,0
daisy-leaved_grape_fern,palatability,0
electroplater,skydiving,0
drug_addict,pus-forming_bacteria,0
invariable,jonathan_edwards,0
ipomoea_coccinea,golden_groundsel,0
jackstraw,flashover,0
genus_papio,genus_plasmodium,0
sibley_tent,david_ben_gurion,0
wind_power,safety_pin,0
filler,green,0
iron_tree,equisetum_robustum,0
photoflash,ballet,0
mousepad,trisomy,0
newbie,affricate,0
vitamin_m,egg_timer,0
topknot,poisonous_substance,0
bladder_stone,atrioventricular_nodal_rhythm,0
cheyne-stokes_respiration,home_counties,0
frizz,squalor,0
majorette,isabella_the_catholic,0
gamow,vine_snake,0
cerement,morpheme,0
oliguria,phalangiidae,0
spirant,anthriscus_sylvestris,0
split_infinitive,cytologist,0
sulidae,diarrhoea,0
business_school,dealing,0
white_admiral,constructive_possession,0
dental_practitioner,oceanic,0
redcap,amphotericin,0
misinformation,one-man_rule,0
department_of_labor,camelina,0
cypripedia,perfect,0
crow's_nest,broad-bean_plant,0
holy_roman_emperor,decorum,0
blood_agar,banquet_song,0
eructation,unanimity,0
march,equipage,0
family_theraphosidae,anterior_meningeal_artery,0
mcguffey,thorniness,0
winding,politesse,0
abcs,magnetic_attraction,0
genus_eptatretus,fractiousness,0
zillion,tommy_gun,0
satinwood,test_drive,0
gofer,yue_dialect,0
genus_argonauta,dance_band,0
moneymaker,labor_camp,0
nonacceptance,glaucous_bristlegrass,0
jim_henson,cox-1,0
hyperbilirubinemia_of_the_newborn,hummingbird_moth,0
bluewing,enchantment,0
essentiality,pair,0
mustafa_kemal,american_elder,0
majagua,pond,0
pedwood,molva,0
mespilus,ornithischia,0
greensward,phyllostomidae,0
misbehaviour,voice_over,0
suppression,genus_tolmiea,0
worrywart,zannichellia_palustris,0
penstemon_dolius,habitual_criminal,0
golding,ariocarpus_fissuratus,0
white_pine,contingence,0
chinese_chive,pandean_pipe,0
erysimum_asperum,turk's-cap,0
surcoat,hue,0
barytone,nwbn,0
tier_up,involuntariness,0
st_joseph,fatty_liver,0
genus_dracocephalum,vanadium_steel,0
midsummer_day,marsh_horsetail,0
grits,wesleyan,0
squib,frier,0
canned_foods,caddoan_language,0
andrenidae,ripple_mark,0
putter,drunk,0
hypersomnia,gasoline_pump,0
spelaeology,foodie,0
child_support,electric_fan,0
afterimage,thingamabob,0
university_of_washington,genus_aquila,0
leonotis_nepetaefolia,brawniness,0
treponemataceae,gazella_subgutturosa,0
basket_oak,hawaiian,0
qing_dynasty,volgograd,0
nailer,aglaonema_modestum,0
purcell,mandela,0
camphor_ball,rockery,0
saprophyte,czar_alexander_i,0
acetylcholine,blackseed,0
tilia_americana,canthus,0
cydippida,shivaree,0
middle_thyroid_vein,neutrophil,0
genus_salpinctes,downy_woodpecker,0
winter_purslane,publication,0
vietnamese_monetary_unit,helminthostachys_zeylanica,0
index_of_refraction,republic_of_mauritius,0
heterocyclic_compound,crosswind,0
vacuousness,gravidation,0
jensen,incompleteness,0
chrysolophus_pictus,ballade,0
appian_way,recess,0
family_pittidae,office_of_the_dead,0
carry-forward,sitter,0
clitocybe_subconnexa,theodolite,0
escarp,cincture,0
lionel_hampton,pyongyang,0
rogue_nation,embrocation,0
patent_and_trademark_office_database,shivah,0
submissiveness,mesoderm,0
aquarium,incurable,0
ethical_code,wind_energy_facility,0
parent,telephone_directory,0
alberta,jobber,0
great_seal,king_james_i,0
dug,external_body_part,0
herald,european_economic_community,0
monk's_cloth,purse,0
rooming_house,buffalo_gnat,0
photocoagulation,quartzite,0
cuddling,smoking_room,0
banana_peel,placental,0
solenostemon_scutellarioides,shaking,0
gastrointestinal_hormone,oedipal_complex,0
question_of_law,roman_building,0
coppersmith,loiterer,0
rasht,dame_ellen_terry,0
foot_rot,tetrao,0
vermonter,saltpetre,0
shipment,lathyrus_sylvestris,0
rapture,phylloporus,0
division_gymnospermophyta,plimsoll_mark,0
polo_mallet,artemisia_gnaphalodes,0
family_holocentridae,lancer,0
tornado,candelilla,0
eusebius_sophronius_hieronymus,hunting_knife,0
block_grant,hairy_finger_grass,0
mackenzie,tax_cut,0
floating_policy,auricular_point,0
gold,stipulative_definition,0
case-hardened_steel,theophrastus,0
genus_calliphora,anastalsis,0
quadrupling,geological_dating,0
preconceived_notion,asclepias_purpurascens,0
carnation_family,genus_arctocebus,0
verticality,yam_bean,0
inhalation_anesthesia,ballota,0
field_maple,saxifraga_aizoides,0
prison_term,heron's_bill,0
genus_liatris,madagascar_pepper,0
milliradian,old_style_font,0
nutria,hz,0
field_tent,man-about-town,0
kamet,crotalus_viridis,0
hippeastrum_puniceum,cheep,0
gilgamesh,outer_garment,0
goon,tobago,0
gloriosa,spelling_bee,0
orthochromatic_film,monorchidism,0
genus_sarcocystis,mauritius,0
marguerite_daisy,eugene_ionesco,0
symphoricarpos_orbiculatus,acanthurus_chirurgus,0
roger_huntington_sessions,u.s._house_of_representatives,0
decalescence,light_bread,0
lion_monkey,articulatio_genus,0
order_thymelaeales,argus,0
river,california_black_walnut,0
thermocouple,hepatic_tanager,0
hencoop,genus_dipladenia,0
pollyfish,soft_rush,0
rectus,man_of_means,0
amboyna_pine,schizosaccharomycetaceae,0
falling_off,maria_callas,0
brute,whorled_aster,0
red_siskin,sophia_loren,0
tour_de_france,scincid_lizard,0
vital_organ,hovel,0
verpa_conica,genus_pagurus,0
barrel,exclamation,0
max_karl_ernst_ludwig_planck,derangement,0
interleaf,inerrancy,0
desert_four_o'clock,watering_can,0
genus_aureolaria,repositing,0
needlework,shining_sumac,0
elder_statesman,spider_plant,0
alligatoridae,e._h._weber,0
genus_silurus,bathsheba,0
medium_wave,fire_bush,0
carina,viremia,0
scrabble,dominicus,0
major_tranquilliser,dumpy_level,0
vancouver_island,footprint_evidence,0
genus_phaethon,glyceria_grandis,0
head_word,pimento_butter,0
tube_foot,schoolhouse,0
ground_cloth,felix_mendelssohn,0
pub,peroneal_vein,0
radioactive_decay,dbms,0
eyestrain,north_korean,0
parallax,linden_family,0
sloop,leontopodium,0
lyndon_baines_johnson,genus_hottonia,0
ebola_hemorrhagic_fever,contraceptive_method,0
tallith,dyer's-broom,0
buffalo_clover,allentown,0
family_hylidae,acanthus_family,0
news_leak,digestive_tube,0
superlative_degree,parsonage,0
mozzarella,web_page,0
anemone_fish,nephthys,0
disparagement,residence,0
diesel_oil,houndstooth_check,0
genus_gorilla,genus_oncidium,0
babbitt_metal,putrefaction,0
oleomargarine,polybotrya_cervina,0
puerpera,tomato_sauce,0
drain_basket,drudge,0
greenhouse_emission,bowiea_volubilis,0
peul,formal_logic,0
polyostotic_fibrous_dysplasia,rhus_aromatica,0
flimsy,nauclea_diderrichii,0
gustav_ludwig_hertz,presidents'_day,0
katharometer,transcriber,0
william_wyler,saltwater,0
gelechiid,subfamily_carduelinae,0
trisaccharide,storage_medium,0
monetary_fund,gray_market,0
magnetic_storage_medium,princeling,0
pulse_timing_circuit,isthmus_of_corinth,0
actinomycosis,mangifera_indica,0
venturer,pocket_money,0
vermiculation,werewolf,0
univalve,sarcoscyphaceae,0
doodlebug,tylenol,0
bustard,infrequency,0
siberian_elm,outfielder,0
processed_cheese,european_elder,0
japanese_hop,cerebrospinal_meningitis,0
slagheap,genus_helwingia,0
flame_tokay,thomas_gray,0
icehouse,garage,0
larch,handkerchief,0
womaniser,genus_thermobia,0
pterodactylidae,foster_home,0
jackass_bat,fatwah,0
repletion,heteromeles_arbutifolia,0
thievishness,wrong-site_surgery,0
anaesthetic_agent,otho_of_lagery,0
incineration,baseball_bat,0
torchbearer,canis,0
woodworm,pct,0
chigger_flower,genus_nephelium,0
purine,explosive,0
taper,mouse_ear,0
asteroid,sissiness,0
diatomaceous_earth,american_elder,0
pternohyla_fodiens,fart,0
slapstick,genus_cucurbita,0
neurobiologist,complex_instruction_set_computer,0
creme_de_menthe,foster-parent,0
throwaway,democratic_and_popular_republic_of_algeria,0
suprarenalectomy,columbidae,0
fluency,forehand_drive,0
carob_bar,promisor,0
flour_bin,breech,0
saddle_hackle,abronia_umbellata,0
cable_railway,katmandu,0
william_faulkner,capital_of_sweden,0
lipidosis,ipomoea_fastigiata,0
vaishnava,coast_polypody,0
thrash,e.p.a.,0
tetranychidae,sloanea,0
lead_tree,kerosine_lamp,0
winged_spindle_tree,fission_bomb,0
fisher,atomic_number_77,0
inhaler,proparoxytone,0
lady_jane_grey,fragmentation_bomb,0
family_sapotaceae,leaf_fat,0
futurology,serzone,0
temperament,genus_corvus,0
eburnation,genus_tinca,0
saliva,albers-schonberg_disease,0
genus_erianthus,pitfall,0
filing_cabinet,contumely,0
noyes,clipping,0
naval_chart,milady,0
commuter_traffic,paris_daisy,0
john_cage,genus_ceratonia,0
breastplate,windjammer,0
decalitre,jean,0
polynesia,sun_hat,0
mydriatic,flask,0
laurentius,saurischian_dinosaur,0
tetragonurus,marsh_rosemary,0
budget_items,star_sign,0
natural_language,harmonic_law,0
whooping_crane,president_fillmore,0
trichosurus_vulpecula,lycopodiate,0
tatou,silex,0
lithosphere,uuh,0
rupicapra,wasting_disease,0
samosa,morning,0
sprigtail,yellowtail_snapper,0
syrian_hamster,letters_patent,0
cynthia,atherurus,0
schizophrenia,reflectiveness,0
sao_louis,fenusa,0
mantilla,parchisi,0
anglesea,fingerroot,0
aboulia,dracaena_draco,0
genus_certhia,jabiru,0
gyrus,wicket_door,0
gempylidae,mobile_phone,0
ionization,innocency,0
chlorura_chlorura,edward_g._robinson,0
monocanthus,golgi_cell,0
genus_hydnocarpus,tall_yellow-eye,0
bye,johannes_vilhelm_jensen,0
absorbate,arhat,0
turnstone,surname,0
gymkhana,infrared_frequency,0
hans_eysenck,tennis_ball,0
groundberry,rhus_quercifolia,0
colonial,preventive,0
genus_spinacia,seles,0
model_t,family_tenrecidae,0
ida_m._tarbell,linsey-woolsey,0
posterior_serratus_muscle,fes,0
grand_duke,date_bread,0
snoot,adipose_tissue,0
yellow_chestnut_oak,setoff,0
supreme_allied_commander_atlantic,aerial_ladder,0
chunnel,yeast_cake,0
whitsun,effects,0
rodhos,warrantee,0
nez_perce,forthcomingness,0
mei,mishegoss,0
gift_wrapping,papaw,0
genus_torreya,lemonade,0
doctor,impacted_tooth,0
premiership,mawlamyine,0
centrospermae,narrowhead_morel,0
grigori_potemkin,miniaturization,0
montmartre,ambler,0
ticket-of-leave,william_fulbright,0
erethizon_dorsatum,pre-empt,0
poilu,dog-ear,0
railcar,hockey_skate,0
unproductiveness,fortune,0
finance_committee,glibness,0
saint_boniface,mandola,0
sea_poker,propionic_acid,0
tie-up,etanercept,0
binet,atomic_number_5,0
french_canadian,genus_acalypha,0
nitrous_oxide,bathometer,0
panetella,tirso_de_molina,0
state_socialism,rapture,0
international_wanted_notice,grove,0
omomyid_group,hamlet,0
keratoderma,lithology,0
tricolor_television_tube,meniere,0
order_of_saint_benedict,corselet,0
night_life,priority_processing,0
epistle,black_mustard,0
estate_for_life,dynamic_balance,0
fletc,facial_gesture,0
spacing,flamen,0
pa.,kilo,0
lake_nasser,squareflipper_square_flipper,0
pocketbook,seriph,0
george_charles_hevesy_de_hevesy,ionesco,0
pickaxe,loony_bin,0
odontalgia,casus_belli,0
moreton_bay_tulipwood,gaea,0
spacecraft_event_time,family_cheloniidae,0
margin_of_safety,biological_research,0
clerk,presentation,0
grindelia_robusta,pigeon,0
chemical_reaction,ordinate,0
actinomycosis,excrescence,0
ipv,genus_chrysobalanus,0
honkytonk,leap_day,0
saltworks,mandarin,0
ltte,heat_unit,0
oxalic_acid,idiolatry,0
artificial_kidney,airstrip,0
fuzzy_logic,sellout,0
great_solomon's-seal,bellingham,0
countermove,lingberry,0
fortified_wine,taphouse,0
infectious_disease,japanese_red_army,0
electra,mcintosh,0
ernest_solvay,savannah_river,0
dhu'l-hijjah,baize,0
ultimate,freezer,0
independent_variable,genus_armillariella,0
white-tipped_shark,lathyrus_odoratus,0
network_architecture,palmature,0
calligrapher,conditioned_stimulus,0
boot,laputa,0
sally_lunn,genus_notemigonus,0
enovid,hypochromic_anemia,0
ansar_al-islam,bel_and_the_dragon,0
high_court,primrose_path,0
reintroduction,patella,0
chaldaea,cephalobidae,0
calamintha,crack-up,0
baptism,campana,0
bloke,erethizon_dorsatum,0
aeronaut,upanishad,0
palindrome,jordanella_floridae,0
bladder_worm,circle_of_willis,0
hirer,heterogeneity,0
loving_cup,subdivision_basidiomycota,0
order_lepidoptera,von_rundstedt,0
bairiki,photo,0
pere_jacques_marquette,bungle,0
spiegel,jitney,0
arcidae,identity_card,0
national_rifle_association,unreality,0
breakability,eugene_paul_wigner,0
department_of_education,ordinal,0
fovea_centralis,kalapooia,0
laptev_sea,signet_ring,0
fondue,frankfurter,0
arteria_cerebri,second-stringer,0
treble_damages,suction,0
highwater,niagara,0
deformity,side_pocket,0
wickup,soup_spoon,0
causa,pole_star,0
wild_cranberry,cotton_rat,0
poaching,pastorate,0
schizophrenia,driven_well,0
st._ambrose,snow_gum,0
outtake,trusteeship,0
macowanites,imaginative_comparison,0
cedar_rapids,perverseness,0
maximum,genus_trigonella,0
huntingdon_willow,alectura,0
hematemesis,dustup,0
magnetograph,kid_glove,0
gould,karl_von_frisch,0
oxeye,branchiopodan,0
arteria_ethmoidalis,malaria,0
very_high_frequency,stabilisation,0
dumping,electronic_voltmeter,0
black_grouse,william_butler_yeats,0
kinaesthesis,ind.,0
purification,cancel,0
presence_chamber,da,0
glove_compartment,tobit,0
business_suit,nothing,0
melanocyte,bittercress,0
catawba,mandara,0
tunica_conjunctiva_bulbi,david_herbert_lawrence,0
creosol,residence,0
herman_melville,kiley,0
panamanian_capital,binger,0
genus_heterodon,treading_water,0
locke,dies_irae,0
roystonea_oleracea,heitor_villa-lobos,0
branta,raudixin,0
genus_iguanodon,kinin,0
melolonthid_beetle,mining_engineer,0
able_seaman,3-hitter,0
subdivision_ascomycota,integer,0
spruce_gall_aphid,scabiosa_arvensis,0
explosive,bathometer,0
endowment_insurance,genus_scombresox,0
straight_hang,quercus_lobata,0
live_oak,operoseness,0
buckeye,baikal,0
traitress,unfolding,0
line_of_reasoning,overrating,0
quinone,note_of_hand,0
telecom_system,pterygoid_process,0
marmara,big_top,0
nonstop_flight,monochromatism,0
man_and_wife,reformist,0
genus_sapindus,myrtle_beech,0
chiang_kai-shek,diam,0
intermediary,nicotiana_rustica,0
beaked_hazelnut,andrew_fielding_huxley,0
hypoxic_hypoxia,motor_vehicle,0
crosstalk,channel_capacity,0
brandt,diseased_person,0
reductivism,selaginellaceae,0
military_unit,spring_mattress,0
group_o,descending_aorta,0
pythius,argentina,0
robert_oppenheimer,ordinal_number,0
ham_hock,cardiac_murmur,0
semifinal,middle_low_german,0
constantinople,birch_oil,0
file_clerk,news_photography,0
ioway,coffin,0
disqualification,rheum_palmatum,0
blackheart_cherry,bay_rum,0
puddingwife,armillariella_mellea,0
guar,sibyl,0
frederick_the_great,visual_hallucination,0
element_109,typhon,0
dichotomy,blood_money,0
pinnule,genus_mnium,0
passion_sunday,sidewalk,0
confect,genus_anas,0
mangonel,atomic_number_34,0
price_cutting,black_diamond,0
bar_bit,anterior_root,0
national,ak,0
inkstand,damocles,0
ravioli,eastern_narrow-mouthed_toad,0
testament,viburnum_dentatum,0
jape,mycenaen,0
eschrichtius,cubic_decimeter,0
insolation,genus_synaptomys,0
oxaprozin,priggishness,0
lower_respiratory_infection,phytelephas_macrocarpa,0
sunburst_pleat,daphne_mezereum,0
order_phasmatodea,bighorn_river,0
french_lavender,genus_pyrethrum,0
bream,earl,0
fire_ant,genus_passer,0
plassey,alexander_wilson,0
isobutylene,alienee,0
placoderm,locomotive,0
serranidae,stoneroot,0
islamism,optimism,0
whistleblower,thyroprotein,0
relatedness,justiciary,0
idolatry,genus_accipiter,0
subvocalizer,barium_monoxide,0
myrrhis_odorata,skiagraphy,0
primary,battle_flag,0
chamaeleo_chamaeleon,cygnus,0
cyclodestructive_surgery,showdown,0
protoceratops,bh,0
genus_potos,resinoid,0
sargasso_sea,prairial,0
sniper_rifle,capital_of_western_samoa,0
st._basil,doris_may_lessing,0
capital_of_missouri,hub,0
postcode,new_zealand_spinach,0
conversion_reaction,family_vittariaceae,0
vasa_brevis,cloveroot,0
shirley_temple,pressor,0
amusd,freebooter,0
ardent_spirits,isotherm,0
cocci,de_mille,0
lap_covering,alexander_selcraig,0
sewer_main,methodists,0
mountain_male_fern,robert_oppenheimer,0
trawler,centrefold,0
ragout,arteria_pancreatica,0
hard_rush,phylloxera,0
de_vries,rails,0
parity_check,corn_pudding,0
salt_rush,shallon,0
democratic_front_for_the_liberation_of_palestine,counterpunch,0
genus_phoenicurus,bandy_leg,0
flash_camera,crore,0
saleswoman,american_cress,0
genus_nyctaginia,acute_schizophrenic_episode,0
genus_myroxylon,hitchrack,0
heterophil_antibody,interbank_loan,0
bullrush,lathyrus_sativus,0
harpy_bat,rheum,0
varying_hare,avocation,0
joss_house,nile_crocodile,0
petting_zoo,defense_attorney,0
houseplant,jalapeno_pepper,0
diaphragmatic_pleurisy,datura_suaveolens,0
biblical_latin,disheartenment,0
european_union,australian_sumac,0
perestroika,true_pine,0
systematiser,landler,0
narthex,toad_frog,0
word_order,salad_oil,0
sulcus,dicky-bird,0
halftime,satureja_hortensis,0
spruce_beer,lisle,0
plangency,genu_varum,0
portico,secobarbital,0
water_wings,oleoresin,0
namelessness,mover,0
habitude,education,0
common_denominator,plaint,0
turban,silene_uniflora,0
bilgewater,laryngopharynx,0
lanolin,whitsunday,0
approach_shot,windpipe,0
megavitamin_therapy,two-bagger,0
